Name,State Code,Cases,Deaths,Risk Index
Skagway Municipality,AK,0,0,0.00
Haines Borough,AK,0,0,0.00
Denali Borough,AK,0,0,0.00
Bristol Bay Borough,AK,0,0,0.00
Wrangell City and Borough,AK,0,0,0.00
Lake and Peninsula Borough,AK,0,0,0.00
Yakutat City and Borough,AK,0,0,0.00
Aleutians East Borough,AK,0,0,0.00
Calhoun,AR,0,0,0.00
Modoc,CA,0,0,0.00
Jackson,CO,0,0,0.00
Sedgwick,CO,0,0,0.00
Kiowa,CO,0,0,0.00
Dolores,CO,0,0,0.00
Kalawao,HI,0,0,0.00
Clark,ID,0,0,0.00
Clearwater,ID,0,0,0.00
Butte,ID,0,0,0.00
Shoshone,ID,0,0,0.00
Boise,ID,0,0,0.00
Oneida,ID,0,0,0.00
Boundary,ID,0,0,0.00
Bear Lake,ID,0,0,0.00
Lewis,ID,0,0,0.00
Scott,IL,0,0,0.00
Wallace,KS,0,0,0.00
Elk,KS,0,0,0.00
Marshall,KS,0,0,0.00
Rush,KS,0,0,0.00
Pawnee,KS,0,0,0.00
Russell,KS,0,0,0.00
Rawlins,KS,0,0,0.00
Kingman,KS,0,0,0.00
Graham,KS,0,0,0.00
Lincoln,KS,0,0,0.00
Wichita,KS,0,0,0.00
Allen,KS,0,0,0.00
Decatur,KS,0,0,0.00
Washington,KS,0,0,0.00
Greeley,KS,0,0,0.00
Thomas,KS,0,0,0.00
Logan,KS,0,0,0.00
Robertson,KY,0,0,0.00
Keweenaw,MI,0,0,0.00
Alger,MI,0,0,0.00
Ontonagon,MI,0,0,0.00
Lake of the Woods,MN,0,0,0.00
Cook,MN,0,0,0.00
Dade,MO,0,0,0.00
Knox,MO,0,0,0.00
Putnam,MO,0,0,0.00
Hickory,MO,0,0,0.00
Barton,MO,0,0,0.00
Ozark,MO,0,0,0.00
Wayne,MO,0,0,0.00
Issaquena,MS,0,0,0.00
Phillips,MT,0,0,0.00
Garfield,MT,0,0,0.00
Teton,MT,0,0,0.00
Petroleum,MT,0,0,0.00
Sheridan,MT,0,0,0.00
Mineral,MT,0,0,0.00
Powell,MT,0,0,0.00
McCone,MT,0,0,0.00
Treasure,MT,0,0,0.00
Blaine,MT,0,0,0.00
Valley,MT,0,0,0.00
Granite,MT,0,0,0.00
Powder River,MT,0,0,0.00
Carter,MT,0,0,0.00
Sanders,MT,0,0,0.00
Sweet Grass,MT,0,0,0.00
Prairie,MT,0,0,0.00
Wibaux,MT,0,0,0.00
Judith Basin,MT,0,0,0.00
Dawson,MT,0,0,0.00
Custer,MT,0,0,0.00
Chouteau,MT,0,0,0.00
Fallon,MT,0,0,0.00
Daniels,MT,0,0,0.00
Cavalier,ND,0,0,0.00
Billings,ND,0,0,0.00
Logan,ND,0,0,0.00
Golden Valley,ND,0,0,0.00
LaMoure,ND,0,0,0.00
Kidder,ND,0,0,0.00
Adams,ND,0,0,0.00
Hettinger,ND,0,0,0.00
Sheridan,ND,0,0,0.00
Towner,ND,0,0,0.00
Sheridan,NE,0,0,0.00
Arthur,NE,0,0,0.00
Keya Paha,NE,0,0,0.00
Loup,NE,0,0,0.00
Perkins,NE,0,0,0.00
Rock,NE,0,0,0.00
Garfield,NE,0,0,0.00
Banner,NE,0,0,0.00
Harlan,NE,0,0,0.00
Grant,NE,0,0,0.00
Wheeler,NE,0,0,0.00
Hooker,NE,0,0,0.00
Dundy,NE,0,0,0.00
McPherson,NE,0,0,0.00
Blaine,NE,0,0,0.00
Brown,NE,0,0,0.00
Pawnee,NE,0,0,0.00
Sioux,NE,0,0,0.00
Hayes,NE,0,0,0.00
Deuel,NE,0,0,0.00
Logan,NE,0,0,0.00
Mora,NM,0,0,0.00
De Baca,NM,0,0,0.00
Eureka,NV,0,0,0.00
Esmeralda,NV,0,0,0.00
Pershing,NV,0,0,0.00
Ellis,OK,0,0,0.00
Roger Mills,OK,0,0,0.00
Harmon,OK,0,0,0.00
Gilliam,OR,0,0,0.00
Wheeler,OR,0,0,0.00
Brule,SD,0,0,0.00
Campbell,SD,0,0,0.00
Perkins,SD,0,0,0.00
Butte,SD,0,0,0.00
Potter,SD,0,0,0.00
Custer,SD,0,0,0.00
Bennett,SD,0,0,0.00
Hanson,SD,0,0,0.00
Mellette,SD,0,0,0.00
Harding,SD,0,0,0.00
Haakon,SD,0,0,0.00
Jones,SD,0,0,0.00
Schleicher,TX,0,0,0.00
Terrell,TX,0,0,0.00
McMullen,TX,0,0,0.00
Culberson,TX,0,0,0.00
Foard,TX,0,0,0.00
Stonewall,TX,0,0,0.00
Real,TX,0,0,0.00
Upton,TX,0,0,0.00
King,TX,0,0,0.00
Kenedy,TX,0,0,0.00
Loving,TX,0,0,0.00
Baylor,TX,0,0,0.00
Kent,TX,0,0,0.00
Edwards,TX,0,0,0.00
Borden,TX,0,0,0.00
Throckmorton,TX,0,0,0.00
Menard,TX,0,0,0.00
Sutton,TX,0,0,0.00
Sterling,TX,0,0,0.00
Jeff Davis,TX,0,0,0.00
Crockett,TX,0,0,0.00
Somervell,TX,0,0,0.00
Beaver,UT,0,0,0.00
Wayne,UT,0,0,0.00
Rich,UT,0,0,0.00
Daggett,UT,0,0,0.00
Bath,VA,0,0,0.00
Bland,VA,0,0,0.00
Dickenson,VA,0,0,0.00
Garfield,WA,0,0,0.00
Webster,WV,0,0,0.00
Doddridge,WV,0,0,0.00
Scioto,OH,10,0,0.00
Raleigh,WV,10,0,0.00
Grays Harbor,WA,10,0,0.00
Aroostook,ME,10,10,0.00
Portage,WI,10,0,0.00
Lewis and Clark,MT,10,0,0.00
Mercer,WV,10,0,0.00
Tuolumne,CA,10,0,0.00
Venango,PA,10,0,0.00
Roane,TN,10,0,0.00
Columbia,OR,10,0,0.00
Whitman,WA,10,0,0.00
Lincoln,OR,10,0,0.00
Calaveras,CA,10,0,0.00
Bingham,ID,10,0,0.00
Lane,OR,77,10,0.00
Siskiyou,CA,10,0,0.00
Beltrami,MN,10,0,0.00
Phelps,MO,10,0,0.00
Jefferson,PA,10,0,0.00
Douglas,WI,10,0,0.00
Warren,PA,10,0,0.00
Tazewell,VA,10,0,0.00
Baxter,AR,10,0,0.00
Bonner,ID,10,0,0.00
Howell,MO,10,0,0.00
Ravalli,MT,10,0,0.00
Douglas,OR,27,0,0.00
Jim Wells,TX,10,0,0.00
Amador,CA,10,0,0.00
Franklin,IL,10,0,0.00
Chippewa,MI,10,0,0.00
Lawrence,MO,10,0,0.00
Cascade,MT,10,10,0.00
Cooke,TX,10,0,0.00
Latah,ID,10,0,0.00
Fulton,IL,10,0,0.00
Geary,KS,10,0,0.00
Floyd,KY,10,0,0.00
Matanuska-Susitna Borough,AK,29,10,0.00
Boone,AR,10,0,0.00
Kauai,HI,20,0,0.00
Greenup,KY,10,0,0.00
Houghton,MI,10,0,0.00
Webster,MO,10,0,0.00
Oneida,WI,10,0,0.00
Whitley,KY,10,0,0.00
Barry,MO,10,0,0.00
Laclede,MO,10,0,0.00
Silver Bow,MT,10,0,0.00
Greenbrier,WV,10,0,0.00
Miami,KS,10,0,0.00
Christian,MO,24,0,0.00
Transylvania,NC,10,0,0.00
Jackson,OH,10,0,0.00
Bee,TX,10,0,0.00
Uintah,UT,10,0,0.00
Tehama,CA,10,10,0.00
Knox,KY,10,0,0.00
Washington,ME,10,0,0.00
Jasper,MO,37,0,0.00
Stone,MO,10,0,0.00
Jackson,OR,67,0,0.00
Elk,PA,10,0,0.00
Brookings,SD,10,0,0.00
Claiborne,TN,10,0,0.00
Smyth,VA,10,0,0.00
Lassen,CA,10,0,0.00
Logan,IL,10,0,0.00
Polk,MO,10,0,0.00
Coos,NH,10,0,0.00
Crawford,PA,29,0,0.00
Caledonia,VT,10,0,0.00
Clallam,WA,25,0,0.00
Hancock,WV,10,0,0.00
Garrett,MD,10,0,0.00
Otero,NM,22,10,0.00
Giles,TN,10,0,0.00
Sheridan,WY,10,0,0.00
Mendocino,CA,30,0,0.00
Ellis,KS,10,0,0.00
Marion,MO,10,0,0.00
Lake,MT,10,0,0.00
San Miguel,NM,10,0,0.00
Grant,NM,10,0,0.00
Pike,OH,10,0,0.00
Van Wert,OH,10,0,0.00
Orange,VT,10,0,0.00
Lincoln,WI,10,0,0.00
Park,WY,10,0,0.00
Glenn,CA,10,0,0.00
Harlan,KY,10,0,0.00
Bell,KY,10,0,0.00
Henry,OH,10,0,0.00
San Jacinto,TX,10,0,0.00
Sanpete,UT,10,0,0.00
Russell,VA,10,0,0.00
Carter,KY,10,0,0.00
Henderson,TN,10,0,0.00
Uvalde,TX,10,0,0.00
Orleans,VT,10,0,0.00
Mason,WV,10,0,0.00
Sebastian,AR,47,0,0.00
Mesa,CO,55,0,0.00
Hancock,ME,10,10,0.00
Ashland,OH,20,0,0.00
Union,OR,10,0,0.00
Gillespie,TX,10,0,0.00
Ouachita,AR,10,0,0.00
Jefferson,ID,10,0,0.00
Posey,IN,10,0,0.00
Texas,MO,10,0,0.00
Flathead,MT,37,10,0.00
Tillamook,OR,10,0,0.00
McNairy,TN,10,0,0.00
Kerr,TX,20,0,0.00
Randolph,MO,10,0,0.00
Currituck,NC,10,0,0.00
Lea,NM,26,0,0.00
Aransas,TX,10,0,0.00
Hawaii,HI,81,0,0.00
Saline,IL,10,0,0.00
Manistee,MI,10,0,0.00
Miller,MO,10,0,0.00
Crawford,MO,10,0,0.00
Churchill,NV,10,10,0.00
Lee,VA,10,0,0.00
Waushara,WI,10,0,0.00
Boone,WV,10,0,0.00
Menominee,MI,10,0,0.00
Lawrence,SD,10,0,0.00
Upshur,WV,10,0,0.00
Brooke,WV,10,0,0.00
Johnson,KY,10,0,0.00
Letcher,KY,10,0,0.00
Rowan,KY,10,0,0.00
Osceola,MI,10,0,0.00
Antrim,MI,10,0,0.00
Nodaway,MO,10,0,0.00
Ray,MO,10,0,0.00
Eddy,NM,23,10,0.00
Meigs,OH,10,0,0.00
Val Verde,TX,21,0,0.00
Iowa,WI,10,0,0.00
Wyoming,WV,10,0,0.00
Somerset,ME,22,0,0.00
Buchanan,VA,10,0,0.00
Stevens,WA,10,10,0.00
Barron,WI,20,0,0.00
Logan,AR,10,0,0.00
Franklin,NY,23,0,0.00
Curry,OR,10,0,0.00
Grainger,TN,10,0,0.00
Scott,TN,10,0,0.00
Bandera,TX,10,0,0.00
Rockbridge,VA,10,0,0.00
Shasta,CA,40,10,0.00
Beckham,OK,10,0,0.00
Morgan,TN,10,0,0.00
McDowell,WV,10,0,0.00
Lake,CA,30,0,0.00
Colusa,CA,10,0,0.00
Mercer,KY,10,0,0.00
Leelanau,MI,10,0,0.00
Wabasha,MN,10,0,0.00
Crook,OR,10,0,0.00
Tyler,TX,10,0,0.00
Carbon,UT,10,0,0.00
Vilas,WI,10,0,0.00
Lincoln,WV,10,0,0.00
Cherokee,KS,10,0,0.00
Vernon,MO,10,0,0.00
Lampasas,TX,10,0,0.00
Llano,TX,10,0,0.00
La Crosse,WI,55,0,0.00
Uinta,WY,10,0,0.00
Carroll,IA,10,0,0.01
Bonneville,ID,51,0,0.01
Wayne,KY,10,0,0.01
Hubbard,MN,10,0,0.01
Clinton,MO,10,0,0.01
Morgan,MO,10,0,0.01
Lincoln,NM,10,0,0.01
Lawrence,OH,30,0,0.01
Gaines,TX,10,0,0.01
Sevier,UT,10,0,0.01
Taylor,WI,10,0,0.01
El Dorado,CA,96,0,0.01
Elko,NV,24,10,0.01
Woodward,OK,10,0,0.01
Coos,OR,31,0,0.01
Crawford,AR,31,0,0.01
Jackson,IA,10,0,0.01
Crawford,IL,10,0,0.01
Dickinson,KS,10,0,0.01
Knox,ME,20,0,0.01
Watauga,NC,27,0,0.01
Paulding,OH,10,0,0.01
Freestone,TX,10,0,0.01
Langlade,WI,10,0,0.01
Clearfield,PA,42,0,0.01
Davison,SD,10,0,0.01
Arkansas,AR,10,0,0.01
Kootenai,ID,73,0,0.01
Houston,MN,10,0,0.01
Benton,MO,10,0,0.01
Union,TN,10,0,0.01
Plumas,CA,10,0,0.01
Edgar,IL,10,0,0.01
Delta,MI,10,10,0.01
Wright,MO,10,0,0.01
San Patricio,TX,36,0,0.01
Duchesne,UT,10,0,0.01
Los Alamos,NM,10,0,0.01
Schuyler,NY,10,0,0.01
Johnson,TN,10,0,0.01
Jefferson,TN,28,0,0.01
Bosque,TX,10,0,0.01
Eastland,TX,10,0,0.01
Dunn,WI,24,0,0.01
Franklin,AR,10,0,0.01
Jackson,AR,10,0,0.01
Madison,ID,21,0,0.01
McCreary,KY,10,0,0.01
Fentress,TN,10,0,0.01
Starr,TX,36,0,0.01
Patrick,VA,10,0,0.01
Lincoln,WY,10,0,0.01
Grant,AR,10,0,0.01
Cooper,MO,10,0,0.01
Yancey,NC,10,0,0.01
San Juan,WA,10,0,0.01
Fremont,CO,27,0,0.01
Hardin,IA,10,0,0.01
Parke,IN,10,0,0.01
Butler,KS,38,0,0.01
Oxford,ME,33,0,0.01
Benzie,MI,10,0,0.01
Avery,NC,10,0,0.01
Potter,PA,10,0,0.01
Leon,TX,10,0,0.01
Falls,TX,10,0,0.01
Morgan,WV,10,0,0.01
Fayette,AL,10,0,0.01
Gilchrist,FL,10,0,0.01
Mason,KY,10,0,0.01
Lincoln,ME,20,0,0.01
St. Louis,MN,118,10,0.01
Hughes,SD,10,0,0.01
Cocke,TN,21,0,0.01
Chester,TN,10,0,0.01
Robertson,TX,10,0,0.01
Box Elder,UT,29,10,0.01
Pulaski,VA,20,0,0.01
Clay,IA,10,0,0.01
Gem,ID,10,0,0.01
Lawrence,IL,10,0,0.01
Piatt,IL,10,0,0.01
Douglas,KS,67,0,0.01
Garrard,KY,10,0,0.01
Rockcastle,KY,10,0,0.01
Piscataquis,ME,10,0,0.01
Dallas,MO,10,0,0.01
Le Flore,OK,10,10,0.01
Polk,TN,10,0,0.01
Giles,VA,10,0,0.01
Taylor,WV,10,0,0.01
Marion,AR,10,0,0.01
Mercer,IL,10,0,0.01
Pike,IL,10,0,0.01
De Witt,IL,10,0,0.01
Neosho,KS,10,0,0.01
Hill,MT,10,0,0.01
Baker,OR,10,0,0.01
Washington,TN,75,0,0.01
Sawyer,WI,10,0,0.01
Wetzel,WV,10,0,0.01
Idaho,ID,10,0,0.01
Clark,IL,10,0,0.01
Richland,IL,10,0,0.01
Vermillion,IN,10,0,0.01
Osage,KS,10,0,0.01
Aitkin,MN,10,0,0.01
Ashland,WI,10,0,0.01
Clay,AR,10,0,0.01
Page,IA,10,0,0.01
Knott,KY,10,0,0.01
Casey,KY,10,0,0.01
Redwood,MN,10,0,0.01
Park,MT,10,0,0.01
Okmulgee,OK,25,0,0.01
Washburn,WI,10,0,0.01
Gulf,FL,10,0,0.01
Lawrence,KY,10,0,0.01
Renville,MN,10,0,0.01
Roseau,MN,10,0,0.01
Dent,MO,10,0,0.01
Otoe,NE,10,0,0.01
Jefferson,NY,74,0,0.01
Harrison,OH,10,0,0.01
Marshall,OK,10,0,0.01
Floyd,VA,10,0,0.01
Putnam,WV,35,0,0.01
Carbon,WY,10,10,0.01
Gila,AZ,35,10,0.01
Las Animas,CO,10,0,0.01
Kossuth,IA,10,0,0.01
Massac,IL,10,0,0.01
Macon,MO,10,0,0.01
Campbell,WY,31,0,0.01
Union,KY,10,0,0.01
Sibley,MN,10,0,0.01
Livingston,MO,10,0,0.01
Gasconade,MO,10,0,0.01
Mitchell,NC,10,0,0.01
Klamath,OR,44,0,0.01
Warren,TN,26,0,0.01
Karnes,TX,10,0,0.01
Upshur,TX,27,0,0.01
Reeves,TX,10,0,0.01
Mills,IA,10,0,0.01
Morgan,OH,10,0,0.01
Craig,OK,10,0,0.01
Kingfisher,OK,10,0,0.01
Cowlitz,WA,74,0,0.01
Roane,WV,10,0,0.01
Sweetwater,WY,30,0,0.01
Grand,CO,10,0,0.01
Moultrie,IL,10,0,0.01
Washington,IL,10,0,0.01
Nolan,TX,10,0,0.01
Nelson,VA,10,0,0.01
Rusk,WI,10,0,0.01
Albany,WY,25,0,0.01
White,IL,10,0,0.01
Mason,IL,10,0,0.01
Pendleton,KY,10,0,0.01
Scott,KY,35,0,0.01
Fleming,KY,10,0,0.01
Douglas,NV,32,0,0.01
Noble,OH,10,0,0.01
Trinity,TX,10,0,0.01
Kendall,TX,30,0,0.01
Braxton,WV,10,0,0.01
Estill,KY,10,0,0.01
Chowan,NC,10,0,0.01
Greene,PA,27,0,0.01
Zapata,TX,10,0,0.01
Wood,WI,10,10,0.01
Cabell,WV,67,0,0.01
Cochise,AZ,89,10,0.01
Trigg,KY,10,0,0.01
Larue,KY,10,0,0.01
Ripley,MO,10,0,0.01
Swain,NC,10,0,0.01
Atoka,OK,10,0,0.01
Sequatchie,TN,10,0,0.01
Madison,TX,10,0,0.01
Price,WI,10,0,0.01
Vernon,WI,21,0,0.01
Butte,CA,51,10,0.01
Cass,IA,10,0,0.01
Pennington,MN,10,0,0.01
Cass,MN,10,10,0.01
Cedar,MO,10,0,0.01
Missoula,MT,40,10,0.01
Rolette,ND,10,0,0.01
Hughes,OK,10,0,0.01
Deschutes,OR,127,0,0.01
Newton,TX,10,0,0.01
Hopkins,TX,26,0,0.01
Summers,WV,10,0,0.01
Ketchikan Gateway Borough,AK,10,0,0.01
Moffat,CO,10,0,0.01
Wayne,GA,22,0,0.01
Clay,IL,10,0,0.01
Greene,IL,10,0,0.01
Lewis,KY,10,0,0.01
Wadena,MN,10,0,0.01
Osage,MO,10,0,0.01
Oconee,SC,55,0,0.01
Clay,SD,10,0,0.01
Pend Oreille,WA,10,0,0.01
Douglas,MO,10,0,0.01
Glacier,MT,10,0,0.01
Colfax,NM,10,0,0.01
Goshen,WY,10,0,0.01
Breathitt,KY,10,0,0.01
Presque Isle,MI,10,0,0.01
Murray,OK,10,0,0.01
Weakley,TN,26,0,0.01
Monroe,WV,10,0,0.01
Little River,AR,10,0,0.01
Lee,IA,27,0,0.01
Fremont,ID,10,0,0.01
Knox,IN,29,0,0.01
Morgan,KY,10,0,0.01
Koochiching,MN,10,0,0.01
Stewart,TN,10,0,0.01
Lamb,TX,10,0,0.01
Kodiak Island Borough,AK,10,0,0.01
Desha,AR,10,0,0.01
Perry,KY,21,0,0.01
Beaufort,NC,36,0,0.01
Lawrence,TN,32,0,0.01
Pike,IN,10,0,0.01
Magoffin,KY,10,0,0.01
DeKalb,MO,10,0,0.01
Chaves,NM,51,10,0.01
Lonoke,AR,54,0,0.01
Franklin,ID,10,0,0.01
Caldwell,KY,10,0,0.01
Pamlico,NC,10,0,0.01
Haskell,OK,10,0,0.01
Terry,TX,10,0,0.01
Wilbarger,TX,10,0,0.01
Prowers,CO,10,0,0.01
Union,IA,10,0,0.01
Marshall,IL,10,0,0.01
Johnson,IL,10,0,0.01
Reno,KS,51,0,0.01
Martin,KY,10,0,0.01
Todd,KY,10,0,0.01
Luna,NM,10,10,0.01
Millard,UT,10,0,0.01
Stone,AR,10,0,0.01
Chickasaw,IA,10,0,0.01
Powell,KY,10,0,0.01
Bollinger,MO,10,0,0.01
Fulton,AR,10,0,0.01
Trinity,CA,10,0,0.01
Butler,MO,35,0,0.01
Madison,MO,10,0,0.01
Montgomery,MO,10,0,0.01
Haywood,NC,49,0,0.01
Lunenburg,VA,10,0,0.01
Archuleta,CO,10,0,0.01
Okfuskee,OK,10,0,0.01
Lewis,TN,10,0,0.01
Live Oak,TX,10,0,0.01
Skamania,WA,10,0,0.01
Wabash,IL,10,0,0.01
Washington,KY,10,0,0.01
Warren,MO,27,0,0.01
Sierra,NM,10,0,0.01
Blaine,OK,10,0,0.01
Lincoln,TN,28,0,0.01
Zavala,TX,10,0,0.01
Guadalupe,TX,133,0,0.01
Burnet,TX,39,0,0.01
Grant,WV,10,0,0.01
Chicot,AR,10,0,0.01
Iron,MI,10,0,0.01
Amherst,VA,27,0,0.01
Big Horn,WY,10,0,0.01
Roscommon,MI,21,0,0.01
Washita,OK,10,0,0.01
Morrow,OR,10,0,0.01
Jackson,TN,10,0,0.01
Decatur,TN,10,0,0.01
Rains,TX,10,0,0.01
Halifax,VA,30,0,0.01
Franklin,FL,10,0,0.01
Owyhee,ID,10,0,0.01
Lake,MI,10,0,0.01
Richland,MT,10,0,0.01
Jefferson,MT,10,0,0.01
Dare,NC,10,10,0.01
Pushmataha,OK,10,0,0.01
Noble,OK,10,0,0.01
Josephine,OR,24,10,0.01
Meade,SD,22,0,0.01
Boyle,KY,26,0,0.01
Fergus,MT,10,0,0.01
Logan,OH,40,0,0.01
Ward,TX,10,0,0.01
Fairbanks North Star Borough,AK,85,10,0.01
Pike,AR,10,0,0.01
Hancock,IA,10,0,0.01
Sagadahoc,ME,31,0,0.01
Roosevelt,MT,10,0,0.01
Box Butte,NE,10,0,0.01
Hood River,OR,22,0,0.01
Duval,TX,10,0,0.01
Scott,AR,10,0,0.01
Candler,GA,10,0,0.01
Mackinac,MI,10,0,0.01
Lincoln,NC,72,0,0.01
Walsh,ND,10,0,0.01
Lake,SD,10,0,0.01
Cumberland,IL,10,0,0.01
Montgomery,KY,25,0,0.01
Green,KY,10,0,0.01
Pope,MN,10,0,0.01
Barnes,ND,10,0,0.01
Red Willow,NE,10,0,0.01
Austin,TX,27,0,0.01
Trempealeau,WI,26,0,0.01
Marshall,WV,30,0,0.01
Ashley,AR,20,0,0.01
Leslie,KY,10,0,0.01
Oregon,MO,10,0,0.01
Alleghany,NC,10,0,0.01
Taos,NM,30,0,0.01
Johnston,OK,10,0,0.01
Emery,UT,10,0,0.01
Lancaster,VA,10,0,0.01
Lincoln,WA,10,0,0.01
Lewis,WA,37,10,0.01
Chippewa,WI,57,0,0.01
Kenai Peninsula Borough,AK,54,10,0.01
Independence,AR,34,0,0.01
Winnebago,IA,10,0,0.01
Mitchell,IA,10,0,0.01
Carroll,KY,10,0,0.01
Lake,MN,10,0,0.01
Isanti,MN,35,0,0.01
Clay,NC,10,0,0.01
Franklin,TX,10,0,0.01
Evans,GA,10,0,0.01
Franklin,IA,10,0,0.01
Montgomery,IA,10,0,0.01
Owen,KY,10,0,0.01
Iron,MO,10,0,0.01
Custer,OK,26,0,0.01
Middlesex,VA,10,0,0.01
Perry,AR,10,0,0.01
Graham,AZ,37,10,0.01
Keokuk,IA,10,0,0.01
McPherson,KS,28,0,0.01
Yellow Medicine,MN,10,0,0.01
McDonald,MO,22,0,0.01
Holt,NE,10,0,0.01
Tioga,PA,10,10,0.01
McKean,PA,10,10,0.01
Henry,TN,31,0,0.01
Dimmit,TX,10,0,0.01
Sabine,TX,10,0,0.01
Clay,TX,10,0,0.01
Erath,TX,10,10,0.01
Ritchie,WV,10,0,0.01
Taylor,FL,22,0,0.01
Martin,IN,10,0,0.01
Carbon,MT,10,0,0.01
Camden,NC,10,0,0.01
Essex,NY,38,0,0.01
Jefferson,WA,31,0,0.01
Sublette,WY,10,0,0.01
Hot Spring,AR,32,0,0.01
Emmet,IA,10,0,0.01
Grundy,MO,10,0,0.01
Runnels,TX,10,0,0.01
Juab,UT,10,0,0.01
Teton,ID,10,0,0.01
Nemaha,KS,10,0,0.01
Clinton,KY,10,0,0.01
Ralls,MO,10,0,0.01
Howard,MO,10,0,0.01
Marion,IA,33,0,0.01
Cheyenne,NE,10,0,0.01
White Pine,NV,10,0,0.01
Cass,TX,30,0,0.01
Rice,KS,10,0,0.01
McLeod,MN,37,0,0.01
Malheur,OR,32,0,0.01
Oconto,WI,38,0,0.01
Natrona,WY,79,10,0.01
North Slope Borough,AK,10,0,0.01
Valley,ID,10,0,0.01
Brown,KS,10,0,0.01
St. Clair,MO,10,0,0.01
Carroll,NH,48,0,0.01
Pratt,KS,10,0,0.01
Montmorency,MI,10,0,0.01
Swift,MN,10,0,0.01
Stevens,MN,10,0,0.01
Alexander,NC,38,0,0.01
Clinton,OH,43,0,0.01
City and Borough of Juneau,AK,33,0,0.01
Calhoun,IA,10,0,0.01
Belknap,NH,63,0,0.01
Fulton,OH,44,0,0.01
Howard,IA,10,0,0.01
Pipestone,MN,10,0,0.01
Green Lake,WI,20,0,0.01
Montgomery,AR,10,0,0.01
Greenlee,AZ,10,0,0.01
Linn,KS,10,0,0.01
Marshall,MN,10,0,0.01
Kiowa,OK,10,0,0.01
Morgan,UT,10,0,0.01
Tattnall,GA,27,0,0.01
Palo Alto,IA,10,0,0.01
Cloud,KS,10,0,0.01
Livingston,KY,10,0,0.01
Caldwell,MO,10,0,0.01
Wayne,NE,10,0,0.01
Love,OK,10,0,0.01
Clay,WV,10,0,0.01
Greene,IA,10,0,0.01
Benewah,ID,10,0,0.01
Carroll,MO,10,0,0.01
Stillwater,MT,10,0,0.01
Beaverhead,MT,10,0,0.01
Rosebud,MT,10,0,0.01
Stephens,TX,10,0,0.01
Brewster,TX,10,0,0.01
Labette,KS,23,0,0.01
Maries,MO,10,0,0.01
Colorado,TX,23,0,0.01
Grand,UT,10,0,0.01
Tyler,WV,10,0,0.01
Wilson,KS,10,0,0.01
Deer Lodge,MT,10,0,0.01
Charles Mix,SD,10,0,0.01
Inyo,CA,20,10,0.01
Franklin,KY,55,0,0.01
Dawes,NE,10,0,0.01
Curry,NM,55,0,0.01
Nevada,AR,10,0,0.01
Lafayette,FL,10,0,0.01
Cowley,KS,10,10,0.01
Mason,MI,32,0,0.01
Harrison,MO,10,0,0.01
Williams,ND,25,0,0.01
McLean,ND,10,0,0.01
Coshocton,OH,41,0,0.01
Montgomery,GA,10,0,0.01
Baraga,MI,10,0,0.01
Woods,OK,10,0,0.01
Matthews,VA,10,0,0.01
St. Croix,WI,95,0,0.01
Winneshiek,IA,24,0,0.01
Trimble,KY,10,0,0.01
Woodford,KY,29,0,0.01
Monroe,MO,10,0,0.01
Stutsman,ND,24,0,0.01
Jack,TX,10,0,0.01
Archer,TX,10,0,0.01
Prairie,AR,10,0,0.01
Hancock,KY,10,0,0.01
Benton,MS,10,0,0.01
Cedar,NE,10,0,0.01
Monroe,WI,10,10,0.01
Pierce,WI,47,0,0.01
Platte,WY,10,0,0.01
Cleveland,AR,10,0,0.01
Holmes,FL,23,0,0.01
Wells,IN,32,0,0.01
Clearwater,MN,10,0,0.01
Eau Claire,WI,114,0,0.01
Gilmer,WV,10,0,0.01
Jefferson,KS,22,0,0.01
Charlevoix,MI,10,10,0.01
Graham,NC,10,0,0.01
Knox,NE,10,0,0.01
Yoakum,TX,10,0,0.01
Marathon,WI,52,10,0.01
Johnson,WY,10,10,0.01
Sitka City and Borough,AK,10,0,0.01
Clark,KY,42,0,0.01
Schoolcraft,MI,10,0,0.01
Clatsop,OR,45,0,0.01
Decatur,IA,10,0,0.01
Hamilton,IL,10,0,0.01
Bracken,KY,10,0,0.01
Daviess,MO,10,0,0.01
Shannon,MO,10,0,0.01
Mercer,ND,10,0,0.01
Houston,TN,10,0,0.01
Mitchell,TX,10,0,0.01
Coleman,TX,10,0,0.01
Okanogan,WA,50,10,0.01
Marion,KY,24,0,0.01
Shawano,WI,50,0,0.01
Newton,AR,10,0,0.01
Conejos,CO,10,0,0.01
Alexander,IL,10,0,0.01
Pottawatomie,KS,27,0,0.01
Ballard,KY,10,0,0.01
Rio Arriba,NM,49,10,0.01
Searcy,AR,10,0,0.01
Monroe,AR,10,0,0.01
Otter Tail,MN,70,0,0.01
Douglas,MN,44,0,0.01
Waller,TX,63,0,0.01
Polk,TX,60,0,0.01
Dallas,AR,10,0,0.01
Harrison,KY,23,0,0.01
Hart,KY,23,0,0.01
Traill,ND,10,0,0.01
Ward,ND,38,10,0.01
Richardson,NE,10,0,0.01
Keith,NE,10,0,0.01
Spencer,KY,22,0,0.01
Lake,OR,10,0,0.01
Polk,AR,26,0,0.01
Maury,TN,102,0,0.01
McCulloch,TX,10,0,0.01
Wheeler,GA,10,0,0.01
Lemhi,ID,10,0,0.01
Marion,IL,50,0,0.01
Grant,KS,10,0,0.01
Anderson,KS,10,0,0.01
Becker,MN,41,0,0.01
Yavapai,AZ,300,10,0.01
Power,ID,10,0,0.01
Doniphan,KS,10,0,0.01
Chariton,MO,10,0,0.01
Athens,OH,10,10,0.01
Clay,TN,10,0,0.01
Powhatan,VA,36,0,0.01
Northwest Arctic Borough,AK,10,0,0.01
Hart,GA,33,0,0.01
Fayette,IA,27,0,0.01
Yellowstone,MT,101,10,0.01
Forest,PA,10,0,0.01
Pendleton,WV,10,0,0.01
Limestone,AL,108,0,0.01
Adair,IA,10,0,0.01
Atchison,KS,22,0,0.01
Elliott,KY,10,0,0.01
Worth,IA,10,0,0.01
Lee,KY,10,0,0.01
Penobscot,ME,100,10,0.01
White,TN,34,0,0.01
La Salle,TX,10,0,0.01
Anderson,TX,76,0,0.01
Ferry,WA,10,0,0.01
Pleasants,WV,10,0,0.01
Calhoun,WV,10,0,0.01
Van Buren,IA,10,0,0.01
Schuyler,IL,10,0,0.01
Jefferson,NE,10,0,0.01
Winkler,TX,10,0,0.01
Goliad,TX,10,0,0.01
Union,IN,10,0,0.01
Jessamine,KY,68,0,0.01
Pierce,NE,10,0,0.01
Swisher,TX,10,0,0.01
Pepin,WI,10,0,0.01
Fremont,IA,10,0,0.01
Ashe,NC,36,0,0.01
Richland,ND,22,0,0.01
Pembina,ND,10,0,0.01
Grant,OR,10,0,0.01
Waseca,MN,26,0,0.01
Grant,SD,10,0,0.01
Codington,SD,37,0,0.01
Rappahannock,VA,10,0,0.01
Pocahontas,IA,10,0,0.01
Henry,IL,69,0,0.01
Henderson,IL,10,0,0.01
Harney,OR,10,0,0.01
Hutchinson,SD,10,0,0.01
Woodruff,AR,10,0,0.01
Lac Qui Parle,MN,10,0,0.01
Faribault,MN,20,0,0.01
Fayette,OH,40,0,0.01
Wolfe,KY,10,0,0.01
Coffee,TN,73,0,0.01
Burleson,TX,25,0,0.01
Refugio,TX,10,0,0.01
Brooks,TX,10,0,0.01
Jones,GA,40,0,0.01
Taney,MO,10,10,0.01
Nemaha,NE,10,0,0.01
Howard,TX,10,10,0.01
Presidio,TX,10,0,0.01
Crook,WY,10,0,0.01
Douglas,IL,28,0,0.01
Clark,MO,10,0,0.01
Wallowa,OR,10,0,0.01
Fall River,SD,10,0,0.01
Kane,UT,10,0,0.01
Tucker,WV,10,0,0.01
Park,CO,23,0,0.01
Ida,IA,10,0,0.01
Jo Daviess,IL,32,0,0.01
Henry,KY,22,0,0.01
Nye,NV,62,10,0.01
Bon Homme,SD,10,0,0.01
Childress,TX,10,0,0.01
Bailey,TX,10,0,0.01
Weston,WY,10,0,0.01
Nicholas,KY,10,0,0.01
Caribou,ID,10,0,0.01
Cameron Parish,LA,10,0,0.01
Logan,OK,10,10,0.01
Sequoyah,OK,10,10,0.01
Dyer,TN,55,0,0.01
Randolph,AR,26,0,0.02
Brown,IL,10,0,0.02
Bureau,IL,10,10,0.02
Morrison,MN,48,0,0.02
Johnson,MO,76,0,0.02
Union,SC,40,0,0.02
Overton,TN,32,0,0.02
Norman,MN,10,0,0.02
Grand Isle,VT,10,0,0.02
Hancock,TN,10,0,0.02
Treutlen,GA,10,0,0.02
Lawrence,AL,51,0,0.02
Edwards,IL,10,0,0.02
Cumberland,KY,10,0,0.02
Madera,CA,117,10,0.02
Huerfano,CO,10,0,0.02
Dickinson,IA,25,0,0.02
Reynolds,MO,10,0,0.02
Stokes,NC,69,0,0.02
Rio Blanco,CO,10,0,0.02
Franklin,KS,39,0,0.02
Luce,MI,10,0,0.02
Benson,ND,10,0,0.02
Humboldt,CA,103,10,0.02
Campbell,VA,10,10,0.02
Carteret,NC,35,10,0.02
Kearney,NE,10,0,0.02
Burt,NE,10,0,0.02
Andrews,TX,27,0,0.02
Wharton,TX,64,0,0.02
Bent,CO,10,0,0.02
Ellsworth,KS,10,0,0.02
Garza,TX,10,0,0.02
Greene,AR,65,0,0.02
Greenwood,KS,10,0,0.02
Antelope,NE,10,0,0.02
Jefferson,OK,10,0,0.02
Moody,SD,10,0,0.02
Bottineau,ND,10,0,0.02
Sullivan,PA,10,0,0.02
Spink,SD,10,0,0.02
Wayne,IA,10,0,0.02
Shelby,MO,10,0,0.02
Crawford,WI,26,0,0.02
Buchanan,IA,33,0,0.02
Menard,IL,20,0,0.02
Mitchell,KS,10,0,0.02
McKenzie,ND,10,0,0.02
Moore,TN,10,0,0.02
Caldwell,TX,67,0,0.02
Fulton,KY,10,0,0.02
Menifee,KY,10,0,0.02
Burleigh,ND,130,0,0.02
Bamberg,SC,23,0,0.02
Geneva,AL,43,0,0.02
Grundy,IA,20,0,0.02
Pondera,MT,10,0,0.02
Lafayette,WI,27,0,0.02
Tompkins,NY,164,0,0.02
Pontotoc,OK,10,10,0.02
Essex,VT,10,0,0.02
Ohio,IN,10,0,0.02
Sherman,KS,10,0,0.02
Ottawa,KS,10,0,0.02
Kleberg,TX,10,10,0.02
Chambers,TX,68,0,0.02
Carson,TX,10,0,0.02
Putnam,IL,10,0,0.02
Stark,IL,10,0,0.02
Grant,MN,10,0,0.02
Harrison,IA,25,0,0.02
Bannock,ID,34,10,0.02
Marquette,MI,56,10,0.02
San Saba,TX,10,0,0.02
Del Norte,CA,47,0,0.02
Coal,OK,10,0,0.02
Clark,AR,39,0,0.02
Harper,KS,10,0,0.02
Lincoln,MN,10,0,0.02
Hamlin,SD,10,0,0.02
Perry,IN,33,0,0.02
Morris,KS,10,0,0.02
Floyd,TX,10,0,0.02
Sumner,KS,10,10,0.02
Converse,WY,24,0,0.02
Cherry,NE,10,0,0.02
Placer,CA,228,10,0.02
Andrew,MO,30,0,0.02
Tishomingo,MS,34,0,0.02
Stone,MS,31,0,0.02
Haskell,TX,10,0,0.02
Wirt,WV,10,0,0.02
Atchison,MO,10,0,0.02
Day,SD,10,0,0.02
Mariposa,CA,10,10,0.02
Broadwater,MT,10,0,0.02
Alfalfa,OK,10,0,0.02
Tripp,SD,10,0,0.02
Lamar,AL,26,0,0.02
Gallatin,IL,10,0,0.02
Norton,KS,10,0,0.02
Warren,GA,10,0,0.02
Jones,IA,37,0,0.02
Vernon Parish,LA,28,10,0.02
Garfield,OK,27,10,0.02
Tom Green,TX,70,10,0.02
Palo Pinto,TX,10,10,0.02
Van Buren,TN,10,0,0.02
Howard,AR,25,0,0.02
Crawford,KS,10,10,0.02
Phillips,KS,10,0,0.02
Hyde,NC,10,0,0.02
Lincoln,CO,10,0,0.02
Gogebic,MI,10,10,0.02
Gilpin,CO,10,0,0.02
Perry,IL,41,0,0.02
Ransom,ND,10,0,0.02
Walworth,SD,10,0,0.02
Pacific,WA,10,10,0.02
Madison,AR,29,0,0.02
Garvin,OK,10,10,0.02
Abbeville,SC,46,0,0.02
Green,WI,68,0,0.02
Boone,NE,10,0,0.02
Kittitas,WA,89,0,0.02
Wheeler,TX,10,0,0.02
Lincoln,NV,10,0,0.02
Scurry,TX,32,0,0.02
Dewey,SD,10,0,0.02
Delta,TX,10,0,0.02
Frio,TX,37,0,0.02
Big Stone,MN,10,0,0.02
Dickey,ND,10,0,0.02
Polk,NE,10,0,0.02
Knox,IL,101,0,0.02
Hardin,OH,61,0,0.02
King William,VA,31,0,0.02
Johnson,AR,49,0,0.02
Rooks,KS,10,0,0.02
Sullivan,NH,10,10,0.02
Chautauqua,NY,86,10,0.02
McLennan,TX,120,10,0.02
Craig,VA,10,0,0.02
Thayer,NE,10,0,0.02
Jim Hogg,TX,10,0,0.02
Sac,IA,20,0,0.02
Meeker,MN,45,0,0.02
Jefferson,OR,44,0,0.02
Linn,OR,118,10,0.02
Garfield,UT,10,0,0.02
Ringgold,IA,10,0,0.02
Dickinson,MI,10,10,0.02
Johnson,NE,10,0,0.02
Kingsbury,SD,10,0,0.02
Clarke,VA,28,0,0.02
Wasco,OR,26,10,0.02
Somerset,PA,38,10,0.02
Jackson,WI,10,10,0.02
Calhoun,IL,10,0,0.02
Monroe,KY,21,0,0.02
Sabine Parish,LA,47,0,0.02
Cameron,PA,10,0,0.02
Pickett,TN,10,0,0.02
Hutchinson,TX,42,0,0.02
San Luis Obispo,CA,278,10,0.02
Switzerland,IN,21,0,0.02
Lavaca,TX,10,10,0.02
Roosevelt,NM,41,0,0.02
Bayfield,WI,10,10,0.02
Iowa,IA,33,0,0.02
Jefferson,IA,34,0,0.02
Appomattox,VA,31,0,0.02
Scott,KS,10,0,0.02
Holt,MO,10,0,0.02
Sharkey,MS,10,0,0.02
Morrill,NE,10,0,0.02
Hidalgo,TX,584,10,0.02
Mills,TX,10,0,0.02
Charlotte,VA,25,0,0.02
Barber,KS,10,0,0.02
Republic,KS,10,0,0.02
Furnas,NE,10,0,0.02
Hidalgo,NM,10,0,0.02
Scotland,MO,10,0,0.02
Lyon,IA,24,0,0.02
Dewey,OK,10,0,0.02
Hot Springs,WY,10,0,0.02
Morris,TX,26,0,0.02
Cass,NE,53,0,0.02
Mineral,NV,10,0,0.02
Okeechobee,FL,85,0,0.02
Hickman,KY,10,0,0.02
Carlton,MN,75,0,0.02
Morgan,GA,38,0,0.02
DeKalb,TN,40,0,0.02
Marshall,SD,10,0,0.02
Otero,CO,10,10,0.02
Carter,TN,10,10,0.02
Wexford,MI,10,10,0.02
Musselshell,MT,10,0,0.02
Phelps,NE,20,0,0.02
Nowata,OK,23,0,0.02
Kittson,MN,10,0,0.02
Grant,OK,10,0,0.02
Owsley,KY,10,0,0.02
Quay,NM,10,10,0.02
Lewis,NY,20,10,0.02
Crawford,GA,28,0,0.02
Catoosa,GA,145,0,0.02
Newaygo,MI,108,0,0.02
Wahkiakum,WA,10,0,0.02
Pope,IL,10,0,0.02
Grand Traverse,MI,27,10,0.02
Unicoi,TN,41,0,0.02
Crawford,IN,24,0,0.02
Campbell,TN,10,10,0.02
Cannon,TN,31,0,0.02
Phillips,CO,10,0,0.02
Schuyler,MO,10,0,0.02
Union,NM,10,0,0.02
Blue Earth,MN,145,0,0.02
Nuckolls,NE,10,0,0.02
Hudspeth,TX,10,0,0.02
Kimble,TX,10,0,0.02
Tooele,UT,132,0,0.02
Florence,WI,10,0,0.02
Rock,MN,22,0,0.02
Yankton,SD,51,0,0.02
Custer,ID,10,0,0.02
Oglala Lakota,SD,31,0,0.02
O'Brien,IA,33,0,0.02
Elmore,ID,31,10,0.02
Stafford,KS,10,0,0.02
Pierce,ND,10,0,0.02
Deuel,SD,10,0,0.02
Meigs,TN,27,0,0.02
Marion,FL,255,10,0.02
Tensas Parish,LA,10,0,0.02
Clare,MI,10,10,0.02
Marinette,WI,32,10,0.02
Hardin,IL,10,0,0.02
Harvey,KS,10,10,0.02
Big Horn,MT,31,0,0.02
Dickson,TN,116,0,0.02
Nicholas,WV,10,10,0.02
Adair,MO,60,0,0.02
Gregory,SD,10,0,0.02
Hickman,TN,58,0,0.02
Custer,CO,10,0,0.02
Clackamas,OR,317,10,0.02
Menominee,WI,10,0,0.02
Wells,ND,10,0,0.02
Valley,NE,10,0,0.02
White,AR,46,10,0.02
Gibson,IN,10,10,0.02
Pike,KY,30,10,0.02
Fillmore,MN,10,10,0.02
Washington,MO,10,10,0.02
Sioux,ND,10,0,0.03
Pocahontas,WV,21,0,0.03
Webster,KY,32,0,0.03
Scotland,NC,86,0,0.03
Dale,AL,123,0,0.03
Nevada,CA,48,10,0.03
Red Lake,MN,10,0,0.03
Newton,MO,20,10,0.03
Tyrrell,NC,10,0,0.03
Walker,GA,167,0,0.03
Itasca,MN,55,10,0.03
Edmunds,SD,10,0,0.03
Corson,SD,10,0,0.03
Dukes,MA,41,0,0.03
Adams,IA,10,0,0.03
Hemphill,TX,10,0,0.03
Nottoway,VA,39,0,0.03
Vermilion,IL,40,10,0.03
Jay,IN,53,0,0.03
Storey,NV,10,0,0.03
DeWitt,TX,10,10,0.03
Grayson,VA,40,0,0.03
Polk,WI,22,10,0.03
Chase,NE,10,0,0.03
Hardeman,TX,10,0,0.03
Columbia,WA,10,0,0.03
Adams,ID,10,0,0.03
Lyon,NV,65,10,0.03
Adams,OH,10,10,0.03
Cambria,PA,59,10,0.03
Logan,WV,10,10,0.03
Municipality of Anchorage,AK,247,10,0.03
Madison,MT,10,10,0.03
Grafton,NH,76,10,0.03
Craighead,AR,249,0,0.03
Boone,IA,68,0,0.03
York,NE,36,0,0.03
Montague,TX,10,10,0.03
Sargent,ND,10,0,0.03
Lincoln,NE,47,10,0.03
Berrien,GA,50,0,0.03
Osborne,KS,10,0,0.03
Monterey,CA,571,10,0.03
Baca,CO,10,0,0.03
Dodge,MN,53,0,0.03
Hancock,IL,10,10,0.03
Mercer,MO,10,0,0.03
Cherokee,IA,32,0,0.03
Smith,KS,10,0,0.03
Lyman,SD,10,0,0.03
Catron,NM,10,10,0.03
Kinney,TX,10,0,0.03
Shelby,IL,10,10,0.03
Effingham,IL,10,10,0.03
Henry,MO,10,10,0.03
Alcorn,MS,10,10,0.03
Pittsburg,OK,41,10,0.03
Knox,TX,10,0,0.03
Reagan,TX,10,0,0.03
Mason,WA,36,10,0.03
Monona,IA,25,0,0.03
Kimball,NE,10,0,0.03
Clark,SD,10,0,0.03
Webster,NE,10,0,0.03
Harper,OK,10,0,0.03
Brown,MN,10,10,0.03
Oswego,NY,110,10,0.03
Hardin,TN,10,10,0.03
Alcona,MI,10,10,0.03
Nance,NE,10,0,0.03
Hardy,WV,39,0,0.03
Yuba,CA,31,10,0.03
Perry,OH,10,10,0.03
Young,TX,10,10,0.03
Hamilton,IA,44,0,0.03
Chautauqua,KS,10,0,0.03
Traverse,MN,10,0,0.03
Dunn,ND,10,0,0.03
Costilla,CO,10,0,0.03
Davis,IA,25,0,0.03
Maui,HI,120,10,0.03
Vermilion Parish,LA,57,10,0.03
Sanilac,MI,41,10,0.03
Adams,WI,10,10,0.03
Minidoka,ID,58,0,0.03
Huron,MI,48,10,0.03
Socorro,NM,52,10,0.03
Montour,PA,53,0,0.03
Perry,TN,23,0,0.03
Hand,SD,10,0,0.03
Pittsylvania,VA,45,10,0.03
Bates,MO,10,10,0.03
Onslow,NC,112,10,0.03
Gallia,OH,10,10,0.03
Lipscomb,TX,10,0,0.03
Dinwiddie,VA,83,0,0.03
Pine,MN,89,0,0.03
Foster,ND,10,0,0.03
Turner,SD,25,0,0.03
Parker,TX,79,10,0.03
Shackelford,TX,10,0,0.03
Coke,TX,10,0,0.03
Scotts Bluff,NE,112,0,0.03
Seneca,OH,21,10,0.03
Umatilla,OR,121,10,0.03
Atascosa,TX,37,10,0.03
Shelby,IA,37,0,0.03
Saline,KS,28,10,0.03
Woodson,KS,10,0,0.03
Santa Fe,NM,148,10,0.03
Honolulu,HI,422,10,0.03
Bradford,PA,48,10,0.03
Rio Grande,CO,37,0,0.03
Van Zandt,TX,34,10,0.03
Warren,IA,144,0,0.03
Gladwin,MI,10,10,0.03
San Miguel,CO,23,0,0.03
Cross,AR,56,0,0.03
Laurel,KY,21,10,0.03
Asotin,WA,10,10,0.03
Manitowoc,WI,36,10,0.03
Brevard,FL,427,10,0.03
Morton,KS,10,0,0.03
Adams,WA,63,0,0.03
Gooding,ID,49,0,0.03
Bowman,ND,10,0,0.03
Loudon,TN,154,0,0.03
Thurston,WA,152,10,0.03
Glascock,GA,10,0,0.03
Gallatin,MT,155,10,0.03
Nelson,ND,10,0,0.03
Sherman,NE,10,0,0.03
Greene,MO,147,10,0.03
Bedford,PA,40,10,0.03
Emmet,MI,21,10,0.03
Franklin,NE,10,0,0.03
Lincoln,OK,22,10,0.03
Burnett,WI,10,10,0.03
Ness,KS,10,0,0.03
Hall,TX,10,0,0.03
Stanton,NE,20,0,0.03
Blair,PA,51,10,0.03
Jewell,KS,10,0,0.03
Adams,IL,44,10,0.03
Tazewell,IL,74,10,0.03
Jackson,SD,10,0,0.03
Russell,AL,176,0,0.03
Sierra,CA,10,0,0.03
Merced,CA,308,10,0.03
Perry,MO,63,0,0.03
Cattaraugus,NY,89,10,0.03
Douglas,SD,10,0,0.03
Trego,KS,10,0,0.03
Collingsworth,TX,10,0,0.03
Hill,TX,24,10,0.03
Conway,AR,10,10,0.03
Sutter,CA,46,10,0.03
Edwards,KS,10,0,0.03
Knox,OH,25,10,0.03
Stanley,SD,10,0,0.04
Callaway,MO,30,10,0.04
Washington,PA,140,10,0.04
Jackson,TX,10,10,0.04
Cheatham,TN,134,0,0.04
Sonoma,CA,566,10,0.04
Lander,NV,20,0,0.04
Hitchcock,NE,10,0,0.04
Mecosta,MI,21,10,0.04
Muskogee,OK,49,10,0.04
McIntosh,OK,10,10,0.04
Fayette,PA,95,10,0.04
Pulaski,IN,47,0,0.04
Cochran,TX,10,0,0.04
Levy,FL,35,10,0.04
Livingston,IL,34,10,0.04
Ramsey,ND,10,10,0.04
Bay,FL,99,10,0.04
Montgomery,KS,20,10,0.04
Roberts,SD,36,0,0.04
McIntosh,ND,10,0,0.04
Cherokee,TX,46,10,0.04
Iron,UT,82,10,0.04
Breckinridge,KY,10,10,0.04
Prince George,VA,135,0,0.04
Ziebach,SD,10,0,0.04
Wayne,IL,10,10,0.04
Payne,OK,46,10,0.04
Wise,TX,47,10,0.04
Callahan,TX,10,10,0.04
Dallam,TX,26,0,0.04
Montezuma,CO,46,10,0.04
Benton,IN,32,0,0.04
Chase,KS,10,0,0.04
Franklin,ME,36,10,0.04
Gray,KS,22,0,0.04
Quitman,MS,30,0,0.04
Henderson,TX,59,10,0.04
Muskingum,OH,52,10,0.04
Gove,KS,10,0,0.04
St. Lawrence,NY,205,10,0.04
Scott,VA,10,10,0.04
Windsor,VT,51,10,0.04
Concho,TX,10,0,0.04
Frontier,NE,10,0,0.04
Bryan,OK,31,10,0.04
Comanche,TX,10,10,0.04
Simpson,MS,102,0,0.04
Winston,AL,91,0,0.04
Bleckley,GA,48,0,0.04
Wayne,NY,116,10,0.04
Benton,OR,56,10,0.04
Pueblo,CO,297,10,0.04
Cheyenne,KS,10,0,0.04
Klickitat,WA,28,10,0.04
Clay,NE,24,0,0.04
Hardee,FL,105,0,0.04
Wayne,TN,64,0,0.04
Cuming,NE,34,0,0.04
Mingo,WV,10,10,0.04
Elbert,GA,75,0,0.04
Cherokee,OK,30,10,0.04
Franklin,VA,36,10,0.04
Clark,WI,33,10,0.04
Nueces,TX,275,10,0.04
Mohave,AZ,409,46,0.04
Polk,MN,61,10,0.04
Jackson,MN,40,0,0.04
Brunswick,NC,95,10,0.04
Sullivan,TN,60,10,0.04
Cumberland,VA,38,0,0.04
Torrance,NM,32,10,0.04
Richland,WI,10,10,0.04
Sheridan,KS,10,0,0.04
Walthall,MS,61,0,0.04
Madison,NC,10,10,0.04
Allegany,NY,48,10,0.04
Perry,AL,42,0,0.04
Laramie,WY,188,10,0.04
Yuma,CO,40,0,0.04
Delaware,IA,10,10,0.04
Valencia,NM,77,10,0.04
Midland,TX,132,10,0.04
Kiowa,KS,10,0,0.04
Greeley,NE,10,0,0.04
Osage,OK,95,10,0.04
Yamhill,OR,70,10,0.04
Webb,TX,551,10,0.04
Washington,VT,39,10,0.04
Centre,PA,154,10,0.04
Marion,KS,10,10,0.04
Cheboygan,MI,21,10,0.04
Renville,ND,10,0,0.04
Cimarron,OK,10,0,0.04
McPherson,SD,10,0,0.04
Niobrara,WY,10,0,0.04
Wilson,TX,40,10,0.04
Jasper,TX,29,10,0.04
Mississippi,MO,59,0,0.04
Merrick,NE,32,0,0.04
Kalkaska,MI,10,10,0.04
Griggs,ND,10,0,0.04
Freeborn,MN,130,0,0.04
Macon,NC,89,0,0.04
Grant,ND,10,0,0.04
Miner,SD,10,0,0.04
Eddy,ND,10,0,0.04
Highland,OH,26,10,0.04
Washington,ID,43,0,0.04
Liberty,MT,10,0,0.04
Faulk,SD,10,0,0.04
Lake,CO,31,0,0.04
Stephens,OK,38,10,0.04
Sanborn,SD,10,0,0.04
Beaver,OK,24,0,0.04
Grant,WA,208,10,0.04
San Benito,CA,90,10,0.04
Clay,KY,10,10,0.04
Humphreys,TN,10,10,0.04
Essex,VA,48,0,0.04
Guadalupe,NM,20,0,0.04
La Paz,AZ,92,10,0.05
Mayes,OK,30,10,0.05
Medina,TX,73,10,0.05
Woodford,IL,21,10,0.05
Wabaunsee,KS,31,0,0.05
Buffalo,WI,10,10,0.05
Randolph,WV,131,0,0.05
Murray,MN,39,0,0.05
Ste. Genevieve,MO,10,10,0.05
Steele,MN,164,0,0.05
Dona Ana,NM,479,10,0.05
Wood,TX,33,10,0.05
Preston,WV,25,10,0.05
Bell,TX,391,10,0.05
Highland,VA,10,0,0.05
Dickens,TX,10,0,0.05
Pottawatomie,OK,63,10,0.05
Wichita,TX,85,10,0.05
Cheshire,NH,57,10,0.05
Liberty,TX,95,10,0.05
Stanton,KS,10,0,0.05
Berkeley,SC,242,10,0.05
Worth,MO,10,0,0.05
Cerro Gordo,IA,29,10,0.05
Teton,WY,100,10,0.05
Crow Wing,MN,72,10,0.05
Milam,TX,29,10,0.05
Smith,TX,210,10,0.05
Rutland,VT,55,10,0.05
Columbia,WI,44,10,0.05
Cleburne,AL,10,10,0.05
Hood,TX,27,10,0.05
Humboldt,NV,78,10,0.05
Otsego,NY,73,10,0.05
Navarro,TX,57,10,0.05
Carter,OK,45,10,0.05
Hunt,TX,89,10,0.05
Butler,IA,10,10,0.05
Bourbon,KS,10,10,0.05
Missaukee,MI,10,10,0.05
Wheatland,MT,10,0,0.05
Clinton,NY,97,10,0.05
Clarion,PA,27,10,0.05
Pennington,SD,241,10,0.05
La Plata,CO,82,10,0.05
Hawkins,TN,34,10,0.05
Bedford,VA,62,10,0.05
Baldwin,AL,292,10,0.05
Divide,ND,10,0,0.05
Macoupin,IL,46,10,0.05
Charleston,SC,646,10,0.05
Lincoln,KY,10,10,0.05
Boyd,NE,10,0,0.05
Haskell,KS,21,0,0.05
Floyd,IA,10,10,0.05
Kanabec,MN,10,10,0.05
Dixon,NE,29,0,0.05
Houston,TX,114,0,0.05
Comal,TX,100,10,0.05
Napa,CA,113,10,0.05
Juneau,WI,22,10,0.05
Aiken,SC,208,10,0.05
Stevens,KS,29,0,0.05
St. Francois,MO,36,10,0.05
Brown,OH,28,10,0.05
Steele,ND,10,0,0.05
Gosper,NE,10,0,0.05
Burke,ND,10,0,0.05
Pasco,FL,394,10,0.05
Lake,FL,306,10,0.05
Hodgeman,KS,10,0,0.05
Camden,MO,37,10,0.05
Delaware,NY,82,10,0.05
Mono,CA,37,10,0.05
Madison,AL,343,10,0.05
Jackson,OK,27,10,0.05
Indiana,PA,91,10,0.05
Ector,TX,161,10,0.05
Waupaca,WI,45,10,0.05
Izard,AR,10,10,0.05
Herkimer,NY,111,10,0.05
Blanco,TX,10,10,0.05
Comanche,KS,10,0,0.05
McLean,IL,221,10,0.05
Cibola,NM,145,10,0.05
Garfield,CO,148,10,0.05
Garden,NE,10,0,0.05
Osceola,IA,34,0,0.05
Kern,CA,2376,39,0.05
Routt,CO,62,10,0.05
Hartley,TX,10,10,0.05
Kennebec,ME,127,10,0.05
Rusk,TX,56,10,0.05
Greene,TN,52,10,0.06
Blount,TN,93,10,0.06
Armstrong,TX,10,0,0.06
Lincoln,SD,239,0,0.06
Mountrail,ND,41,0,0.06
Highlands,FL,132,10,0.06
Pulaski,MO,35,10,0.06
Mille Lacs,MN,20,10,0.06
Columbia,AR,22,10,0.06
Meagher,MT,10,0,0.06
Latimer,OK,10,10,0.06
Armstrong,PA,62,10,0.06
Oliver,ND,10,0,0.06
Cass,IL,74,0,0.06
LaSalle,IL,154,10,0.06
Drew,AR,20,10,0.06
Cheyenne,CO,10,0,0.06
Faulkner,AR,103,10,0.06
Erie,PA,307,10,0.06
Hancock,OH,51,10,0.06
Mercer,PA,107,10,0.06
Linn,MO,10,10,0.06
Limestone,TX,26,10,0.06
Hempstead,AR,21,10,0.06
McHenry,ND,10,10,0.06
Sherman,OR,10,0,0.06
Washington,UT,388,10,0.06
Ross,OH,73,10,0.06
Madison,KY,55,10,0.06
Lycoming,PA,164,10,0.06
Fayette,IL,21,10,0.06
Boone,MO,154,10,0.06
Rogers,OK,82,10,0.06
Fresno,CA,1914,37,0.06
Pulaski,KY,61,10,0.06
Custer,NE,31,10,0.06
Canadian,OK,133,10,0.06
Harrison,WV,40,10,0.06
Cass,MO,96,10,0.06
Cherokee,NC,20,10,0.06
Carroll,IL,10,10,0.06
Cayuga,NY,93,10,0.06
Hockley,TX,27,10,0.06
Fannin,TX,40,10,0.06
Marquette,WI,10,10,0.06
Lane,KS,10,0,0.06
Butler,NE,49,0,0.06
Pinal,AZ,909,39,0.06
Monroe,FL,109,10,0.06
Riley,KS,64,10,0.06
Hamilton,TX,10,10,0.06
Kanawha,WV,229,10,0.06
Taliaferro,GA,10,0,0.06
Yuma,AZ,1275,10,0.06
Allegan,MI,221,10,0.06
Taylor,KY,10,10,0.06
Parmer,TX,59,0,0.06
Kitsap,WA,162,10,0.06
Caldwell Parish,LA,60,0,0.06
Kay,OK,56,10,0.06
Christian,IL,35,10,0.06
West Carroll Parish,LA,66,0,0.06
Benton,TN,10,10,0.06
Fulton,PA,10,10,0.06
Citrus,FL,122,10,0.06
Ohio,KY,148,0,0.06
Petersburg Census Area,AK,10,10,0.06
Augusta,VA,115,10,0.06
Lewis,WV,10,10,0.06
Hernando,FL,118,10,0.06
Hamilton,NY,10,10,0.06
Jackson,AL,83,10,0.06
Bulloch,GA,75,10,0.06
Appanoose,IA,10,10,0.06
Laurens,SC,69,10,0.06
Bond,IL,10,10,0.07
Kit Carson,CO,26,10,0.07
Long,GA,10,10,0.07
Montcalm,MI,66,10,0.07
Wise,VA,25,10,0.07
Union,SD,91,0,0.07
Pike,AL,208,0,0.07
Lincoln,ID,33,0,0.07
Butler,PA,232,10,0.07
Johnson,TX,176,10,0.07
Greene,OH,102,10,0.07
Georgetown,SC,78,10,0.07
Sauk,WI,79,10,0.07
Piute,UT,10,0,0.07
Santa Rosa,FL,248,10,0.07
Okaloosa,FL,235,10,0.07
McCurtain,OK,71,10,0.07
Nassau,FL,80,10,0.07
Chelan,WA,250,10,0.07
Cottonwood,MN,76,0,0.07
Pecos,TX,102,0,0.07
Saline,AR,116,10,0.07
Camp,TX,84,0,0.07
Fayette,WV,50,10,0.07
Waldo,ME,51,10,0.07
Briscoe,TX,10,0,0.07
Jackson,NC,34,10,0.07
McIntosh,GA,10,10,0.07
Clarke,IA,61,0,0.07
Morton,ND,60,10,0.07
Blount,AL,63,10,0.07
Anderson,TN,41,10,0.07
Irion,TX,10,0,0.07
Warren,IL,117,0,0.07
Sheboygan,WI,95,10,0.07
Major,OK,10,10,0.07
Phillips,AR,24,10,0.07
Webster,IA,42,10,0.07
New Madrid,MO,21,10,0.07
Wood,WV,53,10,0.07
Cortland,NY,41,10,0.07
Washington,VA,52,10,0.07
Rhea,TN,214,0,0.07
Fayette,TX,34,10,0.07
Calhoun,SC,10,10,0.07
Hale,TX,58,10,0.07
Hardin,KY,106,10,0.07
Willacy,TX,21,10,0.07
Watonwan,MN,77,0,0.07
Fremont,WY,283,10,0.07
Elbert,CO,53,10,0.07
Creek,OK,96,10,0.07
Carroll,TN,28,10,0.07
Franklin,MO,142,10,0.07
Champaign,OH,28,10,0.07
Miller,GA,42,0,0.07
Pender,NC,81,10,0.07
Hyde,SD,10,0,0.07
Meade,KS,31,0,0.07
Cape Girardeau,MO,76,10,0.07
Sevier,TN,90,10,0.07
Adams,IN,20,10,0.07
Clay,KS,10,10,0.07
Thurston,NE,49,0,0.07
Wythe,VA,23,10,0.07
Bourbon,KY,10,10,0.07
Ogemaw,MI,22,10,0.07
Santa Cruz,CA,217,10,0.07
Guernsey,OH,36,10,0.07
Seminole,OK,26,10,0.07
Matagorda,TX,67,10,0.08
Walla Walla,WA,110,10,0.08
Jackson,KS,98,0,0.08
Sully,SD,10,0,0.08
Barbour,WV,10,10,0.08
Emanuel,GA,28,10,0.08
Beauregard Parish,LA,69,10,0.08
Carroll,AR,29,10,0.08
Cassia,ID,85,10,0.08
Hardeman,TN,202,0,0.08
Glasscock,TX,10,0,0.08
Baker,FL,29,10,0.08
Morgan,IL,38,10,0.08
Anderson,SC,244,10,0.08
Grant,WI,96,10,0.08
Grady,OK,99,10,0.08
Polk,OR,100,10,0.08
Dorchester,SC,165,10,0.08
Hamilton,KS,20,0,0.08
Mason,TX,32,0,0.08
Cherokee,SC,43,10,0.08
Knox,TN,410,10,0.08
Santa Barbara,CA,1697,10,0.08
Miller,AR,47,10,0.08
Barry,MI,64,10,0.08
Monroe,AL,44,10,0.08
Clinton,PA,60,10,0.08
Washington,OR,747,10,0.08
Alachua,FL,382,10,0.08
Rockingham,NC,100,10,0.08
Stark,ND,62,10,0.08
Brazoria,TX,929,10,0.08
Van Buren,MI,147,10,0.08
Utah,UT,1991,10,0.08
Isabella,MI,78,10,0.08
Clay,MO,173,10,0.08
Brown,TX,59,10,0.08
Lewis,MO,10,10,0.08
Santa Cruz,AZ,365,0,0.08
Clinton,IA,64,10,0.08
Donley,TX,26,0,0.08
York,ME,396,10,0.08
Cole,MO,60,10,0.08
Wakulla,FL,35,10,0.08
Midland,MI,82,10,0.08
Montgomery,IL,40,10,0.08
Indian River,FL,138,10,0.08
Barton,KS,44,10,0.08
Grant Parish,LA,30,10,0.08
Huron,OH,60,10,0.08
Oscoda,MI,10,10,0.08
Motley,TX,10,0,0.08
Pike,MO,25,10,0.08
Botetourt,VA,34,10,0.08
Platte,MO,73,10,0.09
Montgomery,VA,80,10,0.09
Maverick,TX,120,10,0.09
Huntington,IN,28,10,0.09
Mississippi,AR,78,10,0.09
Emmons,ND,10,10,0.09
Walton,FL,118,10,0.09
Sioux,IA,286,0,0.09
Crosby,TX,10,10,0.09
Garland,AR,136,10,0.09
Washington,CO,41,0,0.09
Lynn,TX,10,10,0.09
Talladega,AL,117,10,0.09
Covington,AL,81,10,0.09
Victoria,TX,160,10,0.09
Gibson,TN,62,10,0.09
Todd,SD,28,10,0.09
Washakie,WY,37,10,0.09
Montrose,CO,181,10,0.09
Shelby,OH,43,10,0.09
Defiance,OH,34,10,0.09
Sherman,TX,27,0,0.09
Taylor,TX,241,10,0.09
Alpine,CA,10,0,0.09
Leon,FL,411,10,0.09
Martin,TX,10,10,0.09
Pulaski,IL,55,0,0.09
Camas,ID,10,0,0.09
Christian,KY,111,10,0.09
Goodhue,MN,69,10,0.09
Union,OH,52,10,0.09
Camden,GA,66,10,0.09
Weber,UT,296,10,0.09
Poinsett,AR,37,10,0.09
Sullivan,MO,61,0,0.09
Hampshire,WV,31,10,0.09
Barren,KY,49,10,0.09
Jasper,SC,43,10,0.09
Hansford,TX,10,10,0.09
Humboldt,IA,10,10,0.10
Wilkin,MN,10,10,0.10
Greene,MS,22,10,0.10
Delta,CO,71,10,0.10
Comanche,OK,285,10,0.10
Story,IA,118,10,0.10
Franklin,TN,54,10,0.10
Outagamie,WI,232,10,0.10
Jefferson,WI,110,10,0.10
Kaufman,TX,227,10,0.10
Cleveland,NC,99,10,0.10
Lenawee,MI,154,10,0.10
Preble,OH,39,10,0.10
Licking,OH,258,10,0.10
Taylor,IA,59,0,0.10
Windham,VT,81,10,0.10
St. Johns,FL,262,10,0.10
Clayton,IA,34,10,0.10
Nelson,KY,42,10,0.10
Ellis,TX,325,10,0.10
Spokane,WA,612,34,0.10
Perry,PA,62,10,0.10
Jefferson,OH,66,10,0.10
Alpena,MI,95,10,0.10
Cache,UT,268,10,0.10
Escambia,AL,73,10,0.10
Orangeburg,SC,210,10,0.10
Jefferson,MO,348,10,0.10
Aurora,SD,26,0,0.10
Yolo,CA,213,24,0.10
York,SC,421,10,0.10
Lawrence,PA,81,10,0.10
Calhoun,AL,165,10,0.10
Lee,TX,24,10,0.10
Clermont,OH,215,10,0.10
Larimer,CO,589,28,0.10
Peoria,IL,262,10,0.10
Harrison,MS,263,10,0.10
Meade,KY,22,10,0.10
Benton,IA,43,10,0.10
Ottawa,OK,35,10,0.10
Hays,TX,353,10,0.10
Teller,CO,33,10,0.10
Newberry,SC,63,10,0.10
Oceana,MI,89,10,0.10
Van Buren,AR,29,10,0.10
Obion,TN,40,10,0.10
Spencer,IN,21,10,0.10
DeKalb,IN,37,10,0.11
Liberty,GA,83,10,0.11
Lucas,IA,10,10,0.11
Skagit,WA,438,10,0.11
Payette,ID,23,10,0.11
Craven,NC,210,10,0.11
Iron,WI,10,10,0.11
Cherokee,AL,38,10,0.11
Williamson,IL,68,10,0.11
Gage,NE,45,10,0.11
Crockett,TN,10,10,0.11
Lamoille,VT,29,10,0.11
Addison,VT,64,10,0.11
McCormick,SC,10,10,0.11
Monroe,TN,66,10,0.11
George,MS,26,10,0.11
Williamson,TX,630,25,0.11
Nez Perce,ID,82,10,0.11
Lafayette,AR,10,10,0.11
Bennington,VT,64,10,0.11
Roberts,TX,10,0,0.11
Holmes,OH,45,10,0.11
Sedgwick,KS,604,21,0.11
Pitt,NC,316,10,0.11
Carroll,OH,31,10,0.11
Lauderdale,AL,167,10,0.11
Columbia,FL,147,10,0.11
Winona,MN,80,10,0.11
Schoharie,NY,51,10,0.11
Pettis,MO,77,10,0.11
St. Clair,AL,131,10,0.11
Buffalo,SD,21,0,0.11
Marion,TX,10,10,0.11
Ventura,CA,1164,34,0.11
Saratoga,NY,484,10,0.11
Clear Creek,CO,10,10,0.12
Iosco,MI,96,10,0.12
New Hanover,NC,203,10,0.12
Stanislaus,CA,767,30,0.12
Cullman,AL,150,10,0.12
Laurens,GA,108,10,0.12
Iredell,NC,273,10,0.12
Dunklin,MO,45,10,0.12
Lincoln,MO,85,10,0.12
Tallahatchie,MS,29,10,0.12
Cotton,OK,10,10,0.12
Kearny,KS,45,0,0.12
Pickens,SC,174,10,0.12
Albemarle,VA,200,10,0.12
Ford,IL,20,10,0.12
Bath,KY,10,10,0.12
Seward,NE,28,10,0.12
Summit,UT,417,0,0.12
Bradley,AR,22,10,0.12
Pontotoc,MS,43,10,0.12
Saunders,NE,40,10,0.12
Canyon,ID,310,10,0.12
Jersey,IL,24,10,0.12
Marshall,TN,32,10,0.12
Chisago,MN,62,10,0.12
Montgomery,OH,688,10,0.12
Golden Valley,MT,10,0,0.12
Brunswick,VA,28,10,0.12
Marion,WV,51,10,0.12
Hinsdale,CO,10,0,0.12
Merrimack,NH,352,10,0.12
Douglas,WA,172,10,0.12
Marion,TN,42,10,0.12
Crittenden,KY,10,10,0.12
Colleton,SC,114,10,0.12
Forest,WI,28,10,0.12
Wyoming,PA,34,10,0.13
Hardin,TX,138,10,0.13
Chattahoochee,GA,159,0,0.13
Angelina,TX,215,10,0.13
Whatcom,WA,401,37,0.13
Monroe,IN,169,10,0.13
Macon,IL,194,10,0.13
Eaton,MI,189,10,0.13
Fillmore,NE,10,10,0.13
Door,WI,38,10,0.13
Wayne,IN,85,10,0.13
Charlton,GA,33,10,0.13
McCook,SD,10,10,0.13
Madison,TN,174,10,0.13
Putnam,FL,154,10,0.13
Gratiot,MI,76,10,0.13
Tuscaloosa,AL,814,10,0.13
San Bernardino,CA,5501,208,0.13
Johnston,NC,471,10,0.13
Cumberland,TN,118,10,0.13
Effingham,GA,75,10,0.13
Mifflin,PA,59,10,0.13
Susquehanna,PA,110,10,0.13
Cass,MI,83,10,0.13
Fond du Lac,WI,215,10,0.13
Chattooga,GA,25,10,0.13
Livingston,NY,119,10,0.13
Dodge,WI,226,10,0.13
Orange,TX,98,10,0.13
Fountain,IN,22,10,0.13
Carter,MO,10,10,0.13
Person,NC,50,10,0.13
Sandoval,NM,572,27,0.13
Arenac,MI,34,10,0.13
Montgomery,TN,277,10,0.13
San Joaquin,CA,982,35,0.13
Fisher,TX,10,10,0.13
Madison,IA,29,10,0.13
Mahnomen,MN,10,10,0.13
Warren,IN,10,10,0.13
Champaign,IL,652,10,0.13
Bastrop,TX,220,10,0.13
Clinton,MI,140,10,0.14
Lancaster,SC,166,10,0.14
Grayson,TX,342,10,0.14
Twiggs,GA,10,10,0.14
Todd,MN,327,0,0.14
Marshall,MS,81,10,0.14
Pawnee,OK,31,10,0.14
Chenango,NY,133,10,0.14
Richland,OH,205,10,0.14
Horry,SC,472,27,0.14
Jackson,MS,308,10,0.14
Hampton,SC,38,10,0.14
Washington,OH,118,10,0.14
Pope,AR,166,10,0.14
Sandusky,OH,82,10,0.14
Harding,NM,10,0,0.14
Solano,CA,547,22,0.14
Natchitoches Parish,LA,172,10,0.14
Pitkin,CO,58,10,0.14
Lee,IL,82,10,0.14
Wayne,PA,120,10,0.14
Snyder,PA,45,10,0.14
Haywood,TN,32,10,0.14
Calhoun,TX,37,10,0.14
Slope,ND,10,0,0.14
Washoe,NV,1585,61,0.14
Jefferson,FL,29,10,0.14
Alleghany,VA,24,10,0.14
Buffalo,NE,166,10,0.14
Stanly,NC,85,10,0.15
Mineral,CO,10,0,0.15
Clay,AL,28,10,0.15
Moore,NC,221,10,0.15
Wright,IA,187,0,0.15
Metcalfe,KY,10,10,0.15
Franklin,VT,99,10,0.15
Oldham,TX,10,10,0.15
Jasper,IN,68,10,0.15
San Juan,CO,10,0,0.15
Le Sueur,MN,44,10,0.15
Thomas,NE,10,0,0.15
Chilton,AL,104,10,0.15
Wyoming,NY,86,10,0.15
Evangeline Parish,LA,80,10,0.15
Tillman,OK,23,10,0.15
Bowie,TX,270,10,0.15
Wagoner,OK,150,10,0.15
Washington,IN,51,10,0.15
Delaware,OK,100,10,0.15
Stoddard,MO,87,10,0.15
Whiteside,IL,142,10,0.15
Panola,MS,84,10,0.15
Martin,NC,73,10,0.15
Winnebago,WI,270,10,0.15
Pottawattamie,IA,272,10,0.15
Lamar,TX,145,10,0.15
Catawba,NC,229,10,0.15
Williams,OH,55,10,0.15
Shawnee,KS,328,10,0.15
Audubon,IA,10,10,0.15
Gaston,NC,288,10,0.15
Sullivan,IN,36,10,0.16
Jefferson Davis Parish,LA,78,10,0.16
Calloway,KY,52,10,0.16
Grand Forks,ND,335,10,0.16
Seminole,FL,493,10,0.16
Lyon,MN,65,10,0.16
Gloucester,VA,31,10,0.16
Clark,KS,33,0,0.16
Coryell,TX,285,10,0.16
Bladen,NC,104,10,0.16
Beaufort,SC,398,10,0.16
Benton,AR,676,10,0.16
Washington,AR,620,10,0.16
Brazos,TX,487,10,0.16
Houston,AL,223,10,0.16
Monongalia,WV,134,10,0.16
Osceola,FL,709,20,0.16
Lee,AR,23,10,0.16
Conecuh,AL,41,10,0.16
Chemung,NY,137,10,0.16
Edgefield,SC,51,10,0.16
Whitley,IN,43,10,0.16
Dane,WI,759,29,0.16
Rabun,GA,23,10,0.16
Jefferson,IN,46,10,0.16
Marin,CA,506,10,0.16
Flagler,FL,190,10,0.16
Barnwell,SC,48,10,0.16
Clark,WA,546,22,0.16
Vinton,OH,21,10,0.16
Lafayette,MO,75,10,0.16
Rankin,MS,446,10,0.16
Wright,MN,327,10,0.16
Vigo,IN,171,10,0.16
Washington,NE,32,10,0.16
Marshall,KY,38,10,0.17
Kosciusko,IN,156,10,0.17
Hamilton,FL,239,0,0.17
Coconino,AZ,1173,81,0.17
Washington,AL,72,10,0.17
Des Moines,IA,66,10,0.17
Auglaize,OH,75,10,0.17
Dawson,TX,42,10,0.17
Fairfield,OH,301,10,0.17
Glynn,GA,133,10,0.17
Randolph,IN,48,10,0.17
Union,AR,173,10,0.17
Ionia,MI,152,10,0.17
St. Joseph,MI,129,10,0.18
Toole,MT,29,10,0.18
Yates,NY,39,10,0.18
Avoyelles Parish,LA,136,10,0.18
Montgomery,TX,966,26,0.18
Hamblen,TN,43,10,0.18
Caldwell,NC,157,10,0.18
Sunflower,MS,85,10,0.18
Morgan,AL,296,10,0.18
Owen,IN,34,10,0.18
Union,PA,60,10,0.18
Delaware,OH,340,10,0.18
Iroquois,IL,132,10,0.18
Washington,WI,260,10,0.18
DeKalb,AL,254,10,0.19
Nash,NC,210,10,0.19
Lee,MS,165,10,0.19
Ouray,CO,10,10,0.19
Marion,SC,72,10,0.19
King and Queen,VA,10,10,0.19
Jefferson,IL,101,10,0.19
Plaquemines Parish,LA,215,10,0.19
Washington,FL,66,10,0.19
Cedar,IA,49,10,0.19
Davidson,NC,434,10,0.19
Montgomery,NY,93,10,0.19
Westmoreland,PA,451,38,0.19
Sharp,AR,46,10,0.19
Hancock,MS,91,10,0.19
Roanoke,VA,110,10,0.19
Washington,NY,237,10,0.19
Louisa,VA,81,10,0.20
Ada,ID,818,22,0.20
Coles,IL,127,10,0.20
Northumberland,PA,198,10,0.20
Fayette,TN,121,10,0.20
Chester,SC,87,10,0.20
Greenwood,SC,148,10,0.20
Bradley,TN,157,10,0.20
Lauderdale,TN,59,10,0.20
Wayne,WV,102,10,0.20
Tippecanoe,IN,418,10,0.20
Dodge,GA,52,10,0.20
McDonough,IL,91,10,0.20
Rutherford,NC,186,10,0.20
Steuben,NY,242,29,0.20
Williamson,TN,567,10,0.20
Dixie,FL,54,10,0.20
Somerset,MD,74,10,0.20
Scott,IA,364,10,0.21
Bullitt,KY,119,10,0.21
Wyandot,OH,45,10,0.21
Cleburne,AR,74,10,0.21
Etowah,AL,261,10,0.21
Mineral,WV,47,10,0.21
Davis,UT,472,10,0.21
Seneca,NY,59,10,0.21
Adams,PA,255,10,0.21
Grundy,IL,101,10,0.21
Anderson,KY,22,10,0.21
Prentiss,MS,51,10,0.21
Caroline,VA,76,10,0.21
Telfair,GA,37,10,0.21
Boyd,KY,40,10,0.21
Kewaunee,WI,35,10,0.21
Tioga,NY,131,10,0.21
Anson,NC,66,10,0.22
Polk,FL,1053,58,0.22
Calumet,WI,78,10,0.22
Coosa,AL,40,10,0.22
Lafayette,MS,141,10,0.22
Sumter,FL,255,10,0.22
San Juan,UT,308,10,0.22
Clay,IN,51,10,0.22
Lancaster,NE,1244,10,0.22
Bryan,GA,75,10,0.22
Halifax,NC,183,10,0.22
Surry,VA,10,10,0.22
Castro,TX,33,10,0.22
Audrain,MO,90,10,0.22
Volusia,FL,752,39,0.22
Washington,GA,74,10,0.22
La Salle Parish,LA,53,10,0.22
Spartanburg,SC,645,20,0.22
Lyon,KY,10,10,0.22
Pima,AZ,2496,191,0.22
McClain,OK,106,10,0.22
Clark,OH,298,10,0.22
Madison,FL,69,10,0.22
Hamilton,TN,910,10,0.22
McDowell,NC,82,10,0.23
Starke,IN,39,10,0.23
Russell,KY,24,10,0.23
Collin,TX,1312,34,0.23
Henderson,KY,112,10,0.23
Branch,MI,124,10,0.23
Allegany,MD,181,10,0.23
Chesterfield,SC,203,10,0.23
Sumter,SC,396,10,0.23
Caddo,OK,164,10,0.23
Amelia,VA,26,10,0.23
Sacramento,CA,1439,58,0.23
Perquimans,NC,25,10,0.23
Gray,TX,100,10,0.23
Jefferson,GA,46,10,0.23
Washington,MS,191,10,0.23
Lowndes,GA,321,10,0.23
Fannin,GA,48,10,0.23
Clarke,AL,147,10,0.24
Kings,CA,1168,10,0.24
Lake,OH,309,10,0.24
Toombs,GA,57,10,0.24
Jones,NC,25,10,0.24
Brown,SD,281,10,0.24
Sangamon,IL,350,29,0.24
Bibb,AL,76,10,0.24
Gunnison,CO,178,10,0.24
Floyd,GA,279,10,0.24
Screven,GA,55,10,0.24
Ontario,NY,209,20,0.24
Androscoggin,ME,314,10,0.24
Denton,TX,1398,32,0.24
Strafford,NH,271,10,0.24
Tipton,IN,25,10,0.24
Red River,TX,72,10,0.24
Randolph,NC,678,10,0.25
McCracken,KY,97,10,0.25
Gates,NC,23,10,0.25
Hocking,OH,70,10,0.25
East Carroll Parish,LA,164,0,0.25
Talbot,MD,101,10,0.25
Buncombe,NC,354,29,0.25
Marion,AL,123,10,0.25
Suwannee,FL,168,10,0.25
Ogle,IL,214,10,0.25
Colbert,AL,187,10,0.25
Wabash,IN,79,10,0.25
Glades,FL,61,10,0.25
Rock,WI,646,10,0.25
Bolivar,MS,165,10,0.25
Nicollet,MN,88,10,0.25
Haralson,GA,49,10,0.25
Putnam,OH,93,10,0.25
Ochiltree,TX,49,10,0.25
Washington,NC,30,10,0.25
Smith,TN,36,10,0.25
Morehouse Parish,LA,122,10,0.25
Marshall,IN,128,10,0.25
McMinn,TN,143,10,0.26
Lincoln,GA,10,10,0.26
Surry,NC,224,10,0.26
Grundy,TN,31,10,0.26
Choctaw,OK,76,10,0.26
Perry,MS,51,10,0.26
Franklin,MS,29,10,0.26
Huntingdon,PA,231,10,0.26
Worcester,MD,217,10,0.26
Gonzales,TX,132,10,0.26
Claiborne Parish,LA,66,10,0.26
Bradford,FL,51,10,0.26
Grant,KY,42,10,0.26
Randall,TX,688,10,0.27
Sherburne,MN,253,10,0.27
Dallas,AL,282,10,0.27
Madison,NY,317,10,0.27
Fulton,IN,49,10,0.27
Deaf Smith,TX,163,10,0.27
Warren,MS,181,10,0.27
Contra Costa,CA,1506,37,0.27
Burke,GA,122,10,0.27
Crane,TX,25,10,0.27
Jefferson,TX,562,28,0.27
Marion,OR,981,26,0.27
Wilson,TN,430,10,0.27
Crawford,OH,116,10,0.27
Windham,CT,393,10,0.28
Queen Anne's,MD,161,10,0.28
Tuscarawas,OH,352,10,0.28
Shelby,AL,522,20,0.28
Ottawa,MI,786,35,0.28
Carver,MN,222,10,0.28
Union,GA,48,10,0.28
Genesee,NY,202,10,0.28
Jackson,FL,266,10,0.28
Vanderburgh,IN,284,10,0.28
Plymouth,IA,135,10,0.28
Olmsted,MN,650,10,0.28
Columbia,GA,255,10,0.28
Union,NC,466,20,0.28
Walworth,WI,398,10,0.28
Jenkins,GA,21,10,0.28
Concordia Parish,LA,88,10,0.28
Rush,IN,48,10,0.29
LaGrange,IN,93,10,0.29
Twin Falls,ID,428,23,0.29
Macon,AL,85,10,0.29
Scott,MO,109,10,0.29
Walker,AL,374,10,0.29
DeKalb,IL,422,10,0.29
Adair,OK,91,10,0.29
Brown,IN,33,10,0.29
Houston,GA,377,10,0.29
York,PA,1028,26,0.30
Fauquier,VA,326,10,0.30
Bremer,IA,69,10,0.30
Warren,NC,64,10,0.30
Coffee,AL,238,10,0.30
Brantley,GA,59,10,0.30
Webster Parish,LA,157,10,0.30
Chippewa,MN,51,10,0.30
Harris,GA,104,10,0.30
Gregg,TX,236,10,0.30
Taylor,GA,22,10,0.30
Crawford,MI,58,10,0.30
Henry,VA,136,10,0.30
Washington,MD,480,10,0.30
Pickens,GA,50,10,0.30
Saguache,CO,89,10,0.30
Monroe,IL,96,10,0.30
Murray,GA,96,10,0.30
Amite,MS,64,10,0.30
Robeson,NC,786,10,0.30
Coweta,GA,426,10,0.30
Greene,NY,241,10,0.31
Cameron,TX,776,36,0.31
Calhoun,FL,62,10,0.31
Wilkes,GA,33,10,0.31
Daviess,KY,323,10,0.31
Madison,GA,59,10,0.31
Imperial,CA,1798,29,0.31
Daviess,IN,94,10,0.31
Cumberland,NC,708,23,0.31
Mahaska,IA,96,10,0.31
Jeff Davis,GA,38,10,0.31
Jones,TX,606,0,0.31
Carroll,VA,100,10,0.31
Itawamba,MS,89,10,0.32
Paulding,GA,339,10,0.32
Autauga,AL,238,10,0.32
Pickens,AL,121,10,0.32
Tippah,MS,76,10,0.32
Moniteau,MO,48,10,0.32
Lowndes,MS,230,10,0.32
Edgecombe,NC,208,10,0.32
Morrow,OH,107,10,0.32
Lincoln Parish,LA,160,10,0.32
DeSoto,MS,553,10,0.32
Tate,MS,89,10,0.32
Polk,NC,37,10,0.32
Stephenson,IL,211,10,0.32
Graves,KY,167,10,0.32
Echols,GA,124,0,0.32
Calhoun,MS,67,10,0.33
Union,MS,85,10,0.33
Jasper,GA,39,10,0.33
Orange,FL,2048,41,0.33
Kershaw,SC,339,10,0.33
Alamosa,CO,82,10,0.33
Barbour,AL,175,10,0.33
Darlington,SC,308,10,0.33
Henry,IA,72,10,0.33
Richmond,NC,163,10,0.34
Martin,FL,680,10,0.34
Steuben,IN,85,10,0.34
Wake,NC,1841,39,0.34
Ozaukee,WI,165,10,0.34
Ware,GA,233,10,0.34
Madison,OH,157,10,0.34
Marengo,AL,172,10,0.34
Henry,AL,81,10,0.34
Elmore,AL,372,10,0.34
Johnson,IA,616,10,0.34
Oldham,KY,100,10,0.34
Poweshiek,IA,90,10,0.35
Gordon,GA,170,10,0.35
Jackson,IL,289,10,0.35
Ripley,IN,108,10,0.35
Otsego,MI,102,10,0.35
Guthrie,IA,53,10,0.35
Eagle,CO,590,10,0.35
Marion,MS,115,10,0.35
Coahoma,MS,127,10,0.35
Lawrence,AR,85,10,0.36
Putnam,IN,137,10,0.36
Tulare,CA,2004,89,0.36
Chaffee,CO,77,20,0.36
Rockingham,VA,545,10,0.36
Fayette,KY,770,10,0.36
Bexar,TX,2839,75,0.36
Ohio,WV,42,10,0.36
Meriwether,GA,94,10,0.37
Dorchester,MD,144,10,0.37
Irwin,GA,31,10,0.37
New Kent,VA,38,10,0.37
Lamar,MS,248,10,0.37
Cottle,TX,10,10,0.37
Union,FL,33,10,0.38
Calhoun,MI,386,23,0.38
St. Lucie,FL,492,31,0.38
Erie,OH,178,10,0.38
McLean,KY,22,10,0.39
Henry,IN,184,10,0.39
Monroe,MI,472,21,0.39
Orange,VA,110,10,0.39
Tuscola,MI,189,24,0.39
Brooks,GA,72,10,0.39
Lenoir,NC,217,10,0.39
Scott,MN,442,10,0.39
Bertie,NC,125,10,0.39
Muskegon,MI,648,37,0.39
Davie,NC,105,10,0.39
Jasper,IL,46,10,0.39
Warren,OH,383,21,0.39
Martin,MN,132,10,0.39
Williamsburg,SC,245,10,0.40
Pemiscot,MO,88,10,0.40
Montgomery,NC,132,10,0.40
Grayson,KY,126,10,0.40
Juniata,PA,95,10,0.40
Walton,GA,272,10,0.40
Oglethorpe,GA,63,10,0.40
Grimes,TX,218,10,0.40
Forsyth,NC,1434,10,0.40
Lapeer,MI,191,30,0.41
Pasquotank,NC,110,10,0.41
Randolph,AL,128,10,0.41
Sampson,NC,499,10,0.41
Berkeley,WV,314,10,0.41
Crenshaw,AL,78,10,0.41
Burke,NC,436,10,0.41
Jackson,GA,199,10,0.41
DeSoto,FL,197,10,0.41
Livingston,MI,397,26,0.41
Logan,KY,152,10,0.41
Shelby,TX,203,10,0.41
Bossier Parish,LA,421,26,0.41
Ottawa,OH,103,10,0.41
Nacogdoches,TX,290,21,0.41
Yell,AR,179,10,0.42
Clay,FL,387,30,0.42
Polk,GA,128,10,0.42
Island,WA,181,10,0.42
Stearns,MN,2042,10,0.42
Madison,VA,41,10,0.42
Grady,GA,115,10,0.42
Caswell,NC,93,10,0.42
Harrison,TX,247,25,0.42
Waukesha,WI,722,30,0.42
Pierce,WA,1950,81,0.43
Coffey,KS,50,10,0.43
Harnett,NC,297,28,0.43
Allendale,SC,38,10,0.44
Alamance,NC,368,20,0.44
Miami,IN,141,10,0.44
Heard,GA,35,10,0.44
York,VA,77,10,0.44
Carlisle,KY,10,10,0.44
Jackson,WV,137,10,0.44
Granville,NC,309,10,0.44
Jasper,IA,260,10,0.44
Lexington,SC,677,34,0.44
San Augustine,TX,44,10,0.44
Jackson,MI,456,28,0.44
Monroe,IA,38,10,0.45
Northumberland,VA,25,10,0.45
Allen Parish,LA,184,10,0.45
Pulaski,AR,969,35,0.45
Franklin,NC,162,21,0.45
Chatham,GA,517,26,0.45
Greene,GA,70,10,0.45
Apache,AZ,1569,41,0.45
Shelby,KY,178,10,0.45
Wilkes,NC,500,10,0.45
Clinch,GA,59,10,0.46
Winston,MS,121,10,0.46
Bay,MI,317,24,0.46
Fayette,GA,238,10,0.46
Medina,OH,356,23,0.46
Greene,VA,34,10,0.46
Jefferson,MS,43,10,0.46
Frederick,VA,371,10,0.46
Maricopa,AZ,10536,448,0.46
Clinton,IL,188,10,0.47
Franklin,WA,610,20,0.47
Spotsylvania,VA,586,10,0.47
Grenada,MS,99,10,0.47
Cook,GA,45,10,0.47
De Soto Parish,LA,249,10,0.47
Monroe,GA,121,10,0.47
Hendry,FL,446,10,0.47
Lumpkin,GA,100,10,0.48
Duval,FL,1660,51,0.48
Rockwall,TX,171,10,0.48
Schley,GA,10,10,0.48
Coffee,GA,285,10,0.48
Howard,NE,42,10,0.48
Benton,MN,178,10,0.48
Rensselaer,NY,493,25,0.48
Tunica,MS,56,10,0.49
Calvert,MD,352,10,0.49
Hoke,NC,248,10,0.49
Isle of Wight,VA,132,10,0.49
Oktibbeha,MS,253,10,0.50
McDuffie,GA,69,10,0.50
Mercer,OH,217,10,0.50
Blaine,ID,512,10,0.50
Fairfield,SC,181,10,0.50
Gadsden,FL,278,10,0.50
Dubois,IN,202,10,0.50
Hamilton,NE,55,10,0.50
Richland Parish,LA,139,10,0.50
Jackson Parish,LA,109,10,0.50
Carson City,NV,99,10,0.50
Monroe,OH,79,10,0.50
Dubuque,IA,350,20,0.50
Gentry,MO,41,10,0.51
Collier,FL,1605,49,0.51
Fluvanna,VA,92,10,0.51
Wilson,NC,363,10,0.51
Fort Bend,TX,1881,44,0.51
Troup,GA,337,10,0.51
Belmont,OH,438,10,0.52
Wasatch,UT,294,10,0.52
St. Helena Parish,LA,51,10,0.52
Pike,MS,204,10,0.52
Ingham,MI,745,27,0.52
Warren,NY,255,29,0.52
Jennings,IN,131,10,0.53
Adair,KY,97,10,0.53
Lanier,GA,25,10,0.53
Hinds,MS,1035,26,0.53
Carroll,IN,93,10,0.53
Lubbock,TX,704,50,0.53
Blackford,IN,27,10,0.53
El Paso,CO,1761,95,0.53
Yazoo,MS,286,10,0.53
Forsyth,GA,533,10,0.53
Montgomery,IN,244,10,0.53
Darke,OH,181,23,0.53
Simpson,KY,54,10,0.53
Wilkinson,MS,85,10,0.54
Dade,GA,37,10,0.54
Clark,NV,6719,343,0.54
Decatur,GA,206,10,0.54
Franklin,IN,110,10,0.54
Campbell,KY,185,10,0.54
Putnam,GA,93,10,0.55
Berrien,MI,636,53,0.55
Navajo,AZ,1957,64,0.55
Marshall,AL,705,10,0.55
Livingston Parish,LA,440,30,0.55
Cleveland,OK,506,37,0.55
Whitfield,GA,394,10,0.55
Copiah,MS,315,10,0.56
Douglas,CO,726,45,0.56
Bernalillo,NM,1499,72,0.56
Wayne,MS,224,10,0.56
Calcasieu Parish,LA,611,49,0.56
Allen,KY,92,10,0.56
Mower,MN,354,10,0.56
Hillsborough,FL,2285,81,0.56
Crittenden,AR,395,10,0.56
Marlboro,SC,183,10,0.56
Newton,GA,370,10,0.57
Newton,IN,78,10,0.57
Jerome,ID,175,10,0.57
Crowley,CO,64,10,0.57
St. Clair,MI,448,43,0.57
Choctaw,MS,47,10,0.57
Dillon,SC,170,10,0.57
Choctaw,AL,153,10,0.57
Jackson,KY,61,10,0.57
Clarke,MS,154,10,0.57
Gilmer,GA,156,10,0.57
Pike,GA,55,10,0.58
Adams,MS,200,10,0.58
Clay,MS,115,10,0.58
Rapides Parish,LA,810,31,0.58
Randolph,IL,270,10,0.59
Escambia,FL,844,34,0.59
Pearl River,MS,211,31,0.59
Pulaski,GA,42,10,0.60
Yadkin,NC,181,10,0.60
Madison Parish,LA,105,10,0.60
St. Bernard Parish,LA,544,22,0.60
Southampton,VA,149,10,0.60
Greene,NC,81,10,0.60
Hillsdale,MI,169,24,0.60
Fayette,IN,78,10,0.60
Jasper,MS,165,10,0.60
Hertford,NC,128,10,0.60
Summit,CO,233,10,0.61
Rice,MN,467,10,0.61
Cabarrus,NC,498,21,0.61
Allamakee,IA,120,10,0.61
Bedford,TN,295,10,0.61
Muscogee,GA,650,10,0.61
Boone,KY,467,10,0.61
Red River Parish,LA,50,10,0.62
Towns,GA,26,10,0.62
Kandiyohi,MN,504,10,0.62
San Diego,CA,7674,276,0.62
Talbot,GA,39,10,0.62
Adams,NE,272,10,0.63
Benton,WA,823,63,0.63
King George,VA,70,10,0.63
Edmonson,KY,56,10,0.63
Northampton,NC,155,10,0.63
White,GA,105,10,0.63
Fulton,NY,212,22,0.63
Washington,IA,190,10,0.64
Oklahoma,OK,1294,62,0.64
St. Martin Parish,LA,300,23,0.64
Lyon,KS,419,10,0.64
LaPorte,IN,434,24,0.65
Winn Parish,LA,174,10,0.65
Riverside,CA,8155,342,0.65
Humphreys,MS,59,10,0.65
Chickasaw,MS,137,10,0.65
Greene,AL,95,10,0.65
Madison,NE,318,10,0.66
Santa Clara,CA,2819,143,0.66
Beadle,SD,276,10,0.66
Goochland,VA,101,10,0.66
Allen,OH,212,33,0.66
Jefferson Davis,MS,80,10,0.67
Shiawassee,MI,240,26,0.67
Wilkinson,GA,69,10,0.67
Smith,MS,153,10,0.67
Hanover,VA,335,24,0.67
Wilcox,AL,152,10,0.68
Webster,MS,67,10,0.68
Columbus,NC,337,27,0.68
Saluda,SC,148,10,0.68
Pierce,GA,105,10,0.69
Ashtabula,OH,340,35,0.70
Tipton,TN,455,10,0.70
Butler,OH,919,32,0.70
Westmoreland,VA,70,10,0.70
Webster,GA,10,10,0.71
Jefferson,WV,192,10,0.71
Yalobusha,MS,96,10,0.71
Sarpy,NE,680,10,0.71
Tulsa,OK,1057,57,0.71
Prince Edward,VA,143,10,0.71
Saline,MO,268,10,0.71
Grant,IN,219,23,0.71
Terrebonne Parish,LA,692,54,0.72
Robertson,TN,511,10,0.72
Warren,KY,1045,10,0.72
Peach,GA,74,10,0.72
Putnam,TN,507,10,0.73
Madison,IL,595,60,0.73
Franklin,GA,104,10,0.74
Clinton,IN,238,10,0.74
Wood,OH,300,47,0.75
Catahoula Parish,LA,114,10,0.75
Macon,GA,103,10,0.75
Ben Hill,GA,80,10,0.76
Lawrence,MS,105,10,0.76
Oconee,GA,117,10,0.76
Union Parish,LA,324,10,0.76
Duplin,NC,870,10,0.76
Berkshire,MA,568,40,0.76
Colquitt,GA,485,10,0.76
Appling,GA,169,10,0.76
Greer,OK,66,10,0.77
Jackson,IN,394,10,0.77
St. Landry Parish,LA,266,54,0.77
Marion,GA,59,10,0.77
Cumberland,ME,1203,54,0.78
Lawrence,IN,165,24,0.78
Jefferson,AR,529,25,0.78
St. Mary's,MD,518,24,0.79
Carroll,MS,116,10,0.80
Atkinson,GA,53,10,0.80
White,IN,238,10,0.80
Stafford,VA,733,10,0.80
Montgomery,MS,85,10,0.81
Schuylkill,PA,643,36,0.81
Stewart,GA,53,10,0.82
Clarke,GA,297,10,0.82
Hale,AL,178,10,0.82
Chittenden,VT,457,39,0.83
Nantucket,MA,10,10,0.83
Clay,MN,430,29,0.83
James City,VA,210,10,0.84
Buchanan,MO,719,10,0.84
Warren,VA,166,10,0.84
Warrick,IN,166,28,0.84
Broome,NY,578,50,0.84
Logan,CO,620,10,0.85
Sumter,AL,226,10,0.85
Multnomah,OR,1181,61,0.86
Rutherford,TN,1278,27,0.86
Kemper,MS,147,10,0.88
Charles City,VA,27,10,0.88
Johnson,KS,877,66,0.88
Oneida,NY,1049,57,0.88
Lamar,GA,73,10,0.88
Cecil,MD,377,24,0.89
Seminole,GA,45,10,0.89
Kent,MD,174,10,0.89
Lee,AL,552,34,0.90
St. Charles,MO,791,58,0.91
Union,IL,157,10,0.92
Banks,GA,95,10,0.92
Iberia Parish,LA,411,38,0.92
Covington,MS,173,10,0.92
Wayne,OH,281,51,0.92
Washington,MN,658,32,0.92
Carbon,PA,241,24,0.92
Trumbull,OH,584,50,0.92
Harrison,IN,196,22,0.93
Richmond,GA,604,25,0.93
Porter,IN,547,29,0.93
Texas,OK,934,10,0.94
Carroll,GA,533,24,0.94
Newton,MS,282,10,0.94
Galveston,TX,847,37,0.95
Dearborn,IN,169,21,0.95
Macon,TN,157,10,0.95
Greene,IN,169,25,0.95
Portage,OH,329,57,0.95
Dawson,GA,109,10,0.96
Jackson (including other portions of Kansas City),MO,1952,49,0.96
Kendall,IL,819,10,0.96
Florence,SC,678,38,0.96
Attala,MS,303,10,0.96
Panola,TX,180,23,0.97
Monroe,MS,265,25,0.97
Henry,GA,696,23,0.97
Claiborne,MS,112,10,0.97
Sarasota,FL,647,80,0.97
Washington,TX,205,25,0.97
Morgan,IN,281,24,0.97
Caroline,MD,263,10,1.00
Lake,TN,765,0,1.01
Mecklenburg,VA,218,22,1.02
Greenville,SC,1751,57,1.02
Tift,GA,271,10,1.03
Orange,NC,360,40,1.03
Franklin,PA,781,36,1.03
Butler,AL,416,10,1.03
Noxubee,MS,191,10,1.03
Guilford,NC,1318,65,1.03
Geauga,OH,292,33,1.04
Noble,IN,238,21,1.04
Orleans,NY,241,38,1.05
Cumberland,PA,644,52,1.05
Travis,TX,3360,93,1.05
Rockdale,GA,290,10,1.05
Rock Island,IL,683,24,1.06
Snohomish,WA,2987,149,1.06
Miami,OH,361,30,1.06
Jefferson,AL,1876,103,1.06
Acadia Parish,LA,428,24,1.07
Scott,IN,121,10,1.09
Hopkins,KY,222,30,1.09
Sevier,AR,258,10,1.10
Dodge,NE,487,10,1.11
Charlotte,FL,463,65,1.11
Alameda,CA,3515,97,1.12
Johnson,GA,82,10,1.12
Quitman,GA,10,10,1.12
El Paso,TX,2833,83,1.12
Lorain,OH,702,59,1.14
Madison,MS,745,25,1.14
Sussex,VA,161,10,1.14
Platte,NE,603,10,1.16
Newport,RI,244,10,1.16
Barrow,GA,333,10,1.18
Niagara,NY,1048,68,1.21
Pike,PA,478,20,1.21
Lee,NC,466,10,1.21
Boulder,CO,986,67,1.22
Greensville,VA,100,10,1.22
Tangipahoa Parish,LA,883,37,1.23
Baker,GA,34,10,1.26
Finney,KS,1504,10,1.26
Franklin,MA,335,47,1.27
Bienville Parish,LA,147,23,1.27
Boone,IL,476,10,1.28
Stephens,GA,147,10,1.30
Lee,SC,221,10,1.30
Rowan,NC,675,35,1.31
Franklin,AL,573,10,1.31
Assumption Parish,LA,252,10,1.31
Leavenworth,KS,1095,10,1.32
San Juan,NM,1813,124,1.32
Liberty,FL,213,10,1.33
Richland,SC,1542,66,1.33
Lafayette Parish,LA,803,27,1.33
Dooly,GA,184,10,1.33
Cherokee,GA,918,33,1.33
Weld,CO,2505,132,1.34
Orange,CA,6574,150,1.34
Columbia,PA,349,31,1.35
Stark,OH,743,98,1.36
Chatham,NC,638,25,1.36
St. Mary Parish,LA,323,31,1.36
Delaware,IN,385,40,1.36
Leake,MS,447,10,1.36
Franklin Parish,LA,377,10,1.37
Kalamazoo,MI,848,58,1.37
Wayne,NC,1179,20,1.38
Lowndes,AL,254,10,1.40
Jerauld,SD,35,10,1.40
Allegheny,PA,1928,165,1.41
Bullock,AL,212,10,1.41
West Feliciana Parish,LA,212,10,1.41
Harford,MD,891,51,1.42
Yakima,WA,3817,96,1.42
Bibb,GA,478,29,1.43
Dawson,NE,839,10,1.44
Muhlenberg,KY,484,10,1.45
Dakota,MN,1368,59,1.46
Cass,ND,1762,54,1.47
Titus,TX,467,10,1.47
Wilcox,GA,117,10,1.47
St. Joseph,IN,1309,34,1.48
Orange,IN,130,22,1.50
Harris,TX,12664,235,1.50
Henderson,NC,351,45,1.53
Columbia,NY,391,40,1.54
Crisp,GA,236,10,1.56
Wapello,IA,607,10,1.59
Worth,GA,223,21,1.60
Marshall,IA,898,10,1.61
Lincoln,MS,270,29,1.61
Culpeper,VA,720,10,1.66
Pointe Coupee Parish,LA,205,25,1.67
Bartow,GA,492,39,1.67
Scott,MS,661,10,1.70
Chesterfield,VA,1627,37,1.71
Elkhart,IN,1384,28,1.75
Lee,FL,1967,112,1.75
Bacon,GA,135,10,1.75
Lafourche Parish,LA,867,72,1.75
St. Francis,AR,682,10,1.75
Manatee,FL,1074,98,1.78
Montgomery,AL,1790,43,1.78
Thomas,GA,342,32,1.83
Jones,MS,663,31,1.83
Shelby,IN,375,22,1.84
Hancock,IN,345,28,1.84
Chambers,AL,358,26,1.85
Boone,IN,316,35,1.85
Butler,KY,232,10,1.87
Pinellas,FL,1335,90,1.89
Shenandoah,VA,465,22,1.90
Washington,RI,499,40,1.92
Crawford,IA,529,10,1.93
Spalding,GA,277,22,1.94
Sumner,TN,913,45,1.95
Rockingham,NH,1320,76,1.95
Moore,TX,838,10,1.97
Buckingham,VA,465,10,1.98
Leflore,MS,273,34,2.02
Linn,IA,957,79,2.03
Clarendon,SC,302,39,2.03
Tarrant,TX,5534,165,2.07
Gallatin,KY,43,10,2.08
Douglas,GA,549,25,2.08
Allen,IN,1711,70,2.10
Clark,IN,519,41,2.10
Ford,KS,1790,10,2.14
Washtenaw,MI,1340,99,2.14
Salt Lake,UT,5449,74,2.14
Washington Parish,LA,437,38,2.16
San Mateo,CA,2188,84,2.17
Mobile,AL,2279,118,2.18
New London,CT,1094,90,2.20
Washington,OK,327,36,2.27
St. Clair,IL,1172,86,2.30
Turner,GA,133,10,2.30
Dallas,IA,921,24,2.31
Beaver,PA,591,74,2.34
Ouachita Parish,LA,1289,44,2.36
Vance,NC,322,22,2.41
Sullivan,NY,1392,33,2.42
Howard,IN,429,34,2.42
Kankakee,IL,930,50,2.47
Madison,IN,594,61,2.49
Monroe,NY,2989,209,2.50
Ulster,NY,1696,78,2.51
Randolph,GA,179,10,2.54
McHenry,IL,1606,73,2.54
Saline,NE,506,10,2.55
Clay,GA,39,10,2.60
Bartholomew,IN,521,38,2.61
Schenectady,NY,696,30,2.61
Potter,TX,2354,30,2.64
Accomack,VA,939,10,2.66
Forrest,MS,594,39,2.72
Seward,KS,883,10,2.72
Kent,MI,3777,93,2.73
Brown,WI,2334,37,2.74
Lebanon,PA,980,33,2.74
East Feliciana Parish,LA,198,30,2.79
Saginaw,MI,1050,109,2.83
Dauphin,PA,1359,77,2.84
Wicomico,MD,955,30,2.86
Anoka,MN,1441,71,2.94
Kent,DE,1450,66,2.97
Calhoun,GA,134,10,2.99
Decatur,IN,225,31,3.00
Buena Vista,IA,836,10,3.00
Page,VA,230,24,3.02
Morgan,CO,631,43,3.02
Onondaga,NY,2228,129,3.08
Mecklenburg,NC,4519,95,3.08
Lee,GA,361,22,3.13
McKinley,NM,2480,114,3.14
Kenton,KY,614,34,3.15
Louisa,IA,346,10,3.15
Walker,TX,1574,27,3.17
Baldwin,GA,350,27,3.21
Adams,CO,3338,125,3.22
Columbiana,OH,881,52,3.22
Kenosha,WI,1201,30,3.22
Palm Beach,FL,6219,351,3.24
Tolland,CT,848,60,3.29
Charles,MD,1133,73,3.44
Winnebago,IL,2313,56,3.50
Tama,IA,404,27,3.54
Holmes,MS,439,28,3.56
Shelby,TN,5313,117,3.57
Durham,NC,1706,47,3.60
Loudoun,VA,2636,67,3.64
Lauderdale,MS,745,68,3.66
Jefferson,CO,2266,172,3.83
Hampshire,MA,883,90,3.83
Tallapoosa,AL,431,66,3.87
St. Tammany Parish,LA,1776,159,3.89
King,WA,8177,570,3.92
Habersham,GA,530,23,4.04
Hamilton,IN,1170,93,4.08
West Baton Rouge Parish,LA,176,31,4.15
Douglas,NE,4476,41,4.15
Dallas,TX,10462,229,4.19
Cass,IN,1592,10,4.24
Hillsborough,NH,2528,149,4.26
Litchfield,CT,1402,133,4.29
Black Hawk,IA,1753,45,4.30
Broward,FL,7248,317,4.32
Davidson,TN,5323,64,4.41
Racine,WI,1762,41,4.49
Hunterdon,NJ,999,60,4.49
Woodbury,IA,2781,36,4.52
Nobles,MN,1552,10,4.52
Upson,GA,288,34,4.60
Carroll,MD,927,93,4.61
Iberville Parish,LA,578,41,4.61
Mitchell,GA,413,32,4.63
Floyd,IN,319,40,4.66
Summit,OH,1475,180,4.70
Albany,NY,1900,100,4.73
Hancock,GA,197,25,4.77
Bledsoe,TN,609,10,4.91
Minnehaha,SD,3362,49,4.94
Ascension Parish,LA,841,56,4.97
Muscatine,IA,558,41,5.01
Lincoln,AR,983,10,5.05
Butts,GA,233,24,5.14
Monroe,PA,1325,101,5.19
Salem,NJ,645,42,5.24
Hamilton,OH,2721,156,5.26
Frederick,MD,1961,107,5.27
Cape May,NJ,628,50,5.35
St. Charles Parish,LA,645,45,5.42
Jefferson,KY,2562,157,5.54
Gwinnett,GA,3919,134,5.80
Sumter,GA,491,44,5.82
Luzerne,PA,2750,153,5.87
Hendricks,IN,1177,73,5.88
St. James Parish,LA,294,27,5.93
Early,GA,245,32,6.00
Colfax,NE,620,10,6.17
Howard,MD,1975,61,6.37
Clayton,GA,1241,51,6.69
Richmond,VA,287,10,7.02
Hall,GA,2517,50,7.05
Neshoba,MS,707,42,7.17
Terrell,GA,214,26,7.37
Genesee,MI,2021,252,7.44
Bristol,RI,224,10,7.56
Kent,RI,1052,51,7.76
Lancaster,PA,3218,306,7.78
Cuyahoga,OH,4581,245,7.88
Barnstable,MA,1430,118,7.98
Hall,NE,1522,43,8.06
Fulton,GA,4659,244,8.32
Chester,PA,2823,284,8.52
Anne Arundel,MD,3924,178,8.66
Caddo Parish,LA,2609,190,8.91
Northampton,VA,243,23,8.92
Sussex,NJ,1123,148,9.11
Dutchess,NY,3936,142,9.21
Cobb,GA,3063,185,9.48
Polk,IA,4328,133,9.50
DeKalb,GA,3828,121,9.84
Franklin,OH,5996,279,9.86
Atlantic,NJ,2251,162,9.87
Sussex,DE,4299,135,9.96
Cumberland,NJ,2345,78,10.00
New Castle,DE,3883,172,10.11
Miami-Dade,FL,18224,722,10.24
San Francisco,CA,2587,43,10.86
Lackawanna,PA,1555,174,10.92
Mahoning,OH,1456,186,11.01
Johnson,IN,1117,110,11.04
Will,IL,5649,280,11.25
Erie,NY,6173,512,11.30
Pickaway,OH,2092,37,11.30
Middlesex,CT,1154,150,11.43
Lake,IN,3689,200,11.97
Arapahoe,CO,4453,309,12.04
Marion,OH,2674,30,12.10
Putnam,NY,1262,60,12.48
Henrico,VA,1919,135,13.49
Los Angeles,CA,57118,2443,13.76
Gloucester,NJ,2262,148,14.19
Broomfield and City,CO,244,27,14.42
Berks,PA,4107,321,14.93
Lucas,OH,2282,252,15.40
Burlington,NJ,4680,297,15.60
Prince William,VA,5724,104,15.66
Warren,NJ,1173,132,16.46
Baltimore,MD,6385,358,16.47
St. Louis,MO,4886,443,17.10
East Baton Rouge Parish,LA,3730,240,17.34
Wyandotte,KS,1407,74,17.45
Kane,IL,6467,186,17.99
St. John the Baptist Parish,LA,864,82,19.26
Ramsey,MN,3128,133,21.19
Northampton,PA,3108,213,23.73
Bucks,PA,5116,515,27.20
Dakota,NE,1675,22,27.38
Lehigh,PA,3780,235,29.30
Worcester,MA,11438,790,30.04
Oakland,MI,8412,999,30.87
Lake,IL,8450,307,33.05
Hennepin,MN,8591,627,33.75
Dougherty,GA,1784,149,34.28
DuPage,IL,7818,380,38.95
Fairfax,VA,11426,391,39.68
Bristol,MA,7380,435,42.35
Milwaukee,WI,8004,309,43.49
Macomb,MI,6720,818,46.07
City of St. Louis,MO,1839,124,47.22
Jefferson Parish,LA,7711,453,50.51
Orange,NY,10449,378,50.61
Montgomery,PA,7172,696,51.38
Hampden,MA,6201,603,52.34
Plymouth,MA,8228,568,57.29
Montgomery,MD,11731,624,57.69
Trousdale,TN,1396,10,62.58
Marion,IN,9978,592,66.28
Providence,RI,11052,390,67.54
Ocean,NJ,8817,743,68.76
Monmouth,NJ,8289,608,68.99
Morris,NJ,6512,617,69.61
Somerset,NJ,4605,419,76.79
Prince George's,MD,15553,552,78.62
Camden,NJ,6603,339,79.91
Hartford,CT,10536,1253,80.50
Denver,CO,5854,332,83.86
Suffolk,NY,39980,1909,86.42
New Haven,CT,11525,985,87.13
Baltimore City,MD,5688,263,105.13
Orleans Parish,LA,7156,506,106.44
Norfolk,MA,8600,845,108.55
Middlesex,MA,22296,1663,120.11
Delaware,PA,6496,567,138.54
Fairfield,CT,15776,1287,141.80
Essex,MA,14795,971,155.78
Mercer,NJ,7004,477,160.37
Wayne,MI,20468,2475,166.12
Arlington,VA,2133,117,168.77
Cook,IL,79673,3726,242.11
Middlesex,NJ,16021,997,248.26
Westchester,NY,33633,1378,391.66
Rockland,NY,13223,500,427.52
Philadelphia,PA,18703,1346,462.82
Bergen,NJ,18333,1584,531.10
Nassau,NY,40572,2127,570.16
Passaic,NJ,16234,931,650.76
Richmond,NY,13562,948,1078.39
Essex,NJ,17752,1672,1181.54
Union,NJ,15868,1078,1196.10
Suffolk,MA,18636,902,1611.32
Hudson,NJ,18455,1188,2781.58
Queens,NY,62293,6213,3906.23
New York,NY,26814,2790,5759.66
Kings,NY,56242,6639,6239.30
Bronx,NY,45466,4315,10000.00
